,ing_name,serving_size,vitamin_a,vitamin_d,vitamin_e,vitamin_c,thiamin,riboflavin,niacin,vitamin_b6,vitamin_b12,folic_acid,calcium,irom,protein,zink
28,sugar,100 g,0.00 IU,0.00 IU,0.00 mg,0.0 mg,0.000 mg,0.000 mg,0.000 mg,0.000 mg,0.00 mcg,0.00 mcg,20.00 mg,0.00 mg,0.00 g,0.00 mg
728,light brown sugar,100 g,206.00 IU,49.00 IU,0,0.0 mg,0,0.210 mg,0,0,1.23 mcg,0,123.00 mg,0.59 mg,2.06 g,0.25 mg
57,flour,100 g,0.00 IU,0.00 IU,0,0.0 mg,0.457 mg,0.172 mg,11.499 mg,0.304 mg,0.00 mcg,0.00 mcg,130.00 mg,4.74 mg,33.80 g,5.99 mg
481,cinnamon,100 g,4.00 IU,0.00 IU,0.50 mg,0.0 mg,0.317 mg,0.120 mg,2.822 mg,0.027 mg,0.05 mcg,36.00 mcg,71.00 mg,2.54 mg,7.05 g,0.49 mg
64,pastry crust,100 g,128.00 IU,2.00 IU,0.35 mg,0.1 mg,0.190 mg,0.260 mg,2.000 mg,0.040 mg,0.20 mcg,35.00 mcg,35.00 mg,1.80 mg,8.00 g,0.70 mg
445,apples,100 g,339.00 IU,0,0,22.3 mg,0.020 mg,0.030 mg,0.800 mg,0,0.00 mcg,0,29.00 mg,0.07 mg,0.60 g,0.06 mg
420,lemon juice,100 g,6.00 IU,0.00 IU,0.15 mg,38.7 mg,0.024 mg,0.015 mg,0.091 mg,0.046 mg,0.00 mcg,0.00 mcg,6.00 mg,0.08 mg,0.35 g,0.05 mg
48,butter,100 g,3069.00 IU,0.00 IU,2.80 mg,0.0 mg,0.001 mg,0.005 mg,0.003 mg,0.001 mg,0.01 mcg,0.00 mcg,4.00 mg,0.00 mg,0.28 g,0.01 mg
698,lean pork spareribs,100 g,0.00 IU,41.00 IU,0.22 mg,0.0 mg,0.367 mg,0.357 mg,6.053 mg,0.459 mg,1.52 mcg,0.00 mcg,15.00 mg,1.56 mg,21.85 g,2.93 mg
25,dark soy sauce,100 g,0,0,0,0,0,0,0,0,0,0,0,0,0.00 g,0
10,hoisin sauce,100 g,313.00 IU,0,0,0,0,0,0,0,0,0,0,0,0.00 g,0
709,bottled chili sauce,100 g,126.00 IU,0.00 IU,0,34.2 mg,0.010 mg,0.030 mg,0.627 mg,0.120 mg,0.00 mcg,0.00 mcg,36.00 mg,1.33 mg,0.72 g,0.09 mg
672,liquid honey,100 g,0.00 IU,0.00 IU,0.00 mg,0.5 mg,0.000 mg,0.038 mg,0.121 mg,0.024 mg,0.00 mcg,0.00 mcg,6.00 mg,0.42 mg,0.30 g,0.22 mg
2439,brandy,100 g,0.00 IU,0,0,0.0 mg,0.640 mg,0.248 mg,3.478 mg,0.360 mg,1.34 mcg,0.00 mcg,7.00 mg,0.94 mg,17.27 g,2.70 mg
68,fresh ginger,100 g,1442.00 IU,218.00 IU,2.58 mg,0.0 mg,0.176 mg,0.528 mg,0.024 mg,0.350 mg,1.95 mcg,0.00 mcg,129.00 mg,2.73 mg,15.86 g,2.30 mg
66,fresh garlic,100 g,0.00 IU,0.00 IU,0.67 mg,1.2 mg,0.435 mg,0.141 mg,0.796 mg,1.654 mg,0.00 mcg,0.00 mcg,79.00 mg,5.65 mg,16.55 g,2.99 mg
768,coarse black pepper,100 g,230.00 IU,0,1.00 mg,181.0 mg,0.050 mg,0.050 mg,0.300 mg,0.066 mg,0.00 mcg,0,55.00 mg,1.54 mg,1.40 g,0.27 mg
672,honey,100 g,0.00 IU,0.00 IU,0.00 mg,0.5 mg,0.000 mg,0.038 mg,0.121 mg,0.024 mg,0.00 mcg,0.00 mcg,6.00 mg,0.42 mg,0.30 g,0.22 mg
452,water,100 g,569.00 IU,0.00 IU,0.05 mg,8.1 mg,0.033 mg,0.021 mg,0.178 mg,0.045 mg,0.00 mcg,0.00 mcg,7.00 mg,0.24 mg,0.61 g,0.10 mg
54,orange rind,100 g,1496.00 IU,0.00 IU,0,16.0 mg,0.046 mg,0.034 mg,0.593 mg,0.060 mg,0.00 mcg,0.00 mcg,5.00 mg,0.47 mg,1.16 g,0.14 mg
397,orange juice,100 g,200.00 IU,0.00 IU,0.04 mg,50.0 mg,0.090 mg,0.030 mg,0.400 mg,0.040 mg,0.00 mcg,0.00 mcg,11.00 mg,0.20 mg,0.70 g,0.05 mg
608,phyllo pastry sheets,100 g,0.00 IU,0.00 IU,0.08 mg,0.0 mg,0.541 mg,0.341 mg,4.073 mg,0.030 mg,0.00 mcg,70.00 mcg,11.00 mg,3.21 mg,7.10 g,0.49 mg
538,almonds,100 g,2.00 IU,0.00 IU,25.63 mg,0.0 mg,0.205 mg,1.138 mg,3.618 mg,0.137 mg,0.00 mcg,0.00 mcg,269.00 mg,3.71 mg,21.15 g,3.12 mg
70,beef,100 g,42.00 IU,4.00 IU,0.12 mg,0.3 mg,0.052 mg,0.161 mg,4.260 mg,0.221 mg,1.87 mcg,0.00 mcg,10.00 mg,2.22 mg,21.80 g,4.98 mg
408,fresh ground black pepper,100 g,0.00 IU,0,0.24 mg,0.0 mg,0.270 mg,0.457 mg,7.485 mg,0.642 mg,6.75 mcg,0.00 mcg,7.00 mg,4.02 mg,22.77 g,3.48 mg
1335,parmesan cheese,100 g,781.00 IU,19.00 IU,0.22 mg,0.0 mg,0.039 mg,0.332 mg,0.271 mg,0.091 mg,1.20 mcg,0.00 mcg,1184.00 mg,0.82 mg,35.75 g,2.75 mg
344,balsamic vinegar,100 g,0.00 IU,0,0,0.0 mg,0,0,0,0,0,0,27.00 mg,0.72 mg,0.49 g,0.08 mg
1368,soy sauce,100 g,0.00 IU,0.00 IU,0.00 mg,0.0 mg,0.059 mg,0.152 mg,3.951 mg,0.200 mg,0.00 mcg,0.00 mcg,20.00 mg,2.38 mg,10.51 g,0.43 mg
101,worcestershire sauce,100 g,79.00 IU,0.00 IU,0.08 mg,13.0 mg,0.070 mg,0.130 mg,0.700 mg,0.000 mg,0.00 mcg,0.00 mcg,107.00 mg,5.30 mg,0.00 g,0.19 mg
66,garlic cloves,100 g,0.00 IU,0.00 IU,0.67 mg,1.2 mg,0.435 mg,0.141 mg,0.796 mg,1.654 mg,0.00 mcg,0.00 mcg,79.00 mg,5.65 mg,16.55 g,2.99 mg
573,fresh basil,100 g,5275.00 IU,0.00 IU,0.80 mg,18.0 mg,0.034 mg,0.076 mg,0.902 mg,0.155 mg,0.00 mcg,0.00 mcg,177.00 mg,3.17 mg,3.15 g,0.81 mg
572,fresh thyme,100 g,4751.00 IU,0.00 IU,0,160.1 mg,0.048 mg,0.471 mg,1.824 mg,0.348 mg,0.00 mcg,0.00 mcg,405.00 mg,17.45 mg,5.56 g,1.81 mg
768,black peppercorns,100 g,230.00 IU,0,1.00 mg,181.0 mg,0.050 mg,0.050 mg,0.300 mg,0.066 mg,0.00 mcg,0,55.00 mg,1.54 mg,1.40 g,0.27 mg
30,dry white wine,100 g,0.00 IU,0.00 IU,0.11 mg,0.0 mg,0.090 mg,0.060 mg,1.700 mg,0.142 mg,0.00 mcg,0.00 mcg,21.00 mg,1.30 mg,13.04 g,1.41 mg
2192,olive oil,100 g,70.00 IU,0.00 IU,2.19 mg,0.0 mg,0.008 mg,0.000 mg,0.010 mg,0.002 mg,0.12 mcg,0.00 mcg,0.00 mg,0.00 mg,0.37 g,0.07 mg
711,coarse sea salt,100 g,15563.00 IU,0.00 IU,1.06 mg,4.2 mg,0.024 mg,0.054 mg,0.367 mg,0.056 mg,0.00 mcg,0.00 mcg,26.00 mg,1.39 mg,1.10 g,0.17 mg
698,beef tenderloin,100 g,0.00 IU,41.00 IU,0.22 mg,0.0 mg,0.367 mg,0.357 mg,6.053 mg,0.459 mg,1.52 mcg,0.00 mcg,15.00 mg,1.56 mg,21.85 g,2.93 mg
8,parmigiano-reggiano cheese,100 g,820.00 IU,18.00 IU,0.21 mg,0.0 mg,0.028 mg,0.488 mg,0.630 mg,0.227 mg,1.30 mcg,0.00 mcg,388.00 mg,0.33 mg,19.80 g,2.38 mg
625,garlic-stuffed olives,100 g,9.00 IU,0.00 IU,0.08 mg,31.2 mg,0.200 mg,0.110 mg,0.700 mg,1.235 mg,0.00 mcg,0.00 mcg,181.00 mg,1.70 mg,6.36 g,1.16 mg
759,dijon mustard,100 g,0.00 IU,0,0.86 mg,0.0 mg,0.048 mg,0.056 mg,0.402 mg,0.060 mg,0.23 mcg,0,32.00 mg,0.86 mg,2.60 g,0.36 mg
539,shallots,100 g,4.00 IU,0.00 IU,0.04 mg,8.0 mg,0.060 mg,0.020 mg,0.200 mg,0.345 mg,0.00 mcg,0.00 mcg,37.00 mg,1.20 mg,2.50 g,0.40 mg
52,celery leaves,100 g,16000.00 IU,0.00 IU,0,93.2 mg,0.065 mg,0.119 mg,0.638 mg,0.159 mg,0.00 mcg,0.00 mcg,48.00 mg,0.88 mg,2.98 g,0.40 mg
68,fresh chives,100 g,1442.00 IU,218.00 IU,2.58 mg,0.0 mg,0.176 mg,0.528 mg,0.024 mg,0.350 mg,1.95 mcg,0.00 mcg,129.00 mg,2.73 mg,15.86 g,2.30 mg
508,fresh parsley,100 g,8424.00 IU,0.00 IU,0.75 mg,133.0 mg,0.086 mg,0.098 mg,1.313 mg,0.090 mg,0.00 mcg,0.00 mcg,138.00 mg,6.20 mg,2.97 g,1.07 mg
709,green chili sauce,100 g,126.00 IU,0.00 IU,0,34.2 mg,0.010 mg,0.030 mg,0.627 mg,0.120 mg,0.00 mcg,0.00 mcg,36.00 mg,1.33 mg,0.72 g,0.09 mg
7,salt %26 freshly ground black pepper,100 g,0.00 IU,2.00 IU,0.20 mg,0.0 mg,0.110 mg,0.210 mg,5.960 mg,0.130 mg,2.31 mcg,0.00 mcg,16.00 mg,1.55 mg,16.56 g,3.41 mg
637,canola oil,100 g,0.00 IU,0.00 IU,17.46 mg,0.0 mg,0.000 mg,0.000 mg,0.000 mg,0.000 mg,0.00 mcg,0.00 mcg,0.00 mg,0.00 mg,0.00 g,0.00 mg
552,parsnips,100 g,0.00 IU,0.00 IU,1.49 mg,17.0 mg,0.090 mg,0.050 mg,0.700 mg,0.090 mg,0.00 mcg,0.00 mcg,36.00 mg,0.59 mg,1.20 g,0.59 mg
158,salt,100 g,2499.00 IU,0.00 IU,2.32 mg,0.0 mg,0.005 mg,0.034 mg,0.042 mg,0.003 mg,0.17 mcg,0.00 mcg,24.00 mg,0.02 mg,0.85 g,0.09 mg
650,beets,100 g,33.00 IU,0.00 IU,0.04 mg,4.9 mg,0.031 mg,0.040 mg,0.334 mg,0.067 mg,0.00 mcg,0.00 mcg,16.00 mg,0.80 mg,1.61 g,0.35 mg
194,celery,100 g,1962.00 IU,0.00 IU,5.55 mg,86.5 mg,0.440 mg,0.500 mg,4.640 mg,0.460 mg,0.00 mcg,0.00 mcg,587.00 mg,7.83 mg,11.30 g,2.77 mg
40,red onion,100 g,0.00 IU,0,0,7.0 mg,0.200 mg,0.400 mg,3.700 mg,0.100 mg,0.70 mcg,17.00 mcg,280.00 mg,1.00 mg,9.00 g,0.88 mg
1814,eggs,100 g,410.00 IU,72.00 IU,0.84 mg,0.0 mg,0.010 mg,0.300 mg,0.090 mg,0.010 mg,0.17 mcg,0.00 mcg,17.00 mg,0.23 mg,13.10 g,0.14 mg
152,dill pickle,100 g,1218.00 IU,0.00 IU,0.58 mg,1.0 mg,0.000 mg,0.033 mg,0.233 mg,0.015 mg,0.00 mcg,0.00 mcg,3.00 mg,0.87 mg,0.37 g,0.14 mg
220,celery seed,100 g,52.00 IU,0.00 IU,1.07 mg,17.1 mg,0.340 mg,0.290 mg,3.060 mg,0.890 mg,0.00 mcg,0.00 mcg,1767.00 mg,44.90 mg,18.07 g,6.93 mg
110,black pepper,100 g,547.00 IU,0.00 IU,1.04 mg,0.0 mg,0.108 mg,0.180 mg,1.143 mg,0.291 mg,0.00 mcg,0.00 mcg,443.00 mg,9.71 mg,10.39 g,1.19 mg
343,red wine vinegar,100 g,0.00 IU,0,0,0.5 mg,0,0,0,0,0,0,6.00 mg,0.45 mg,0.04 g,0.03 mg
31,salad oil,100 g,2850.00 IU,0,0,15.7 mg,0.045 mg,0.038 mg,0.208 mg,0,0.00 mcg,0,24.00 mg,0.65 mg,1.03 g,0
721,active dry yeast,100 g,0.00 IU,0.00 IU,0,0.0 mg,0.101 mg,0.026 mg,0.875 mg,0.050 mg,0.00 mcg,0.00 mcg,23.00 mg,1.32 mg,11.35 g,0.45 mg
888,warm water,100 g,0,0,0,0,0,0,0,0,0,0,0,0,0.00 g,0
856,evaporated milk,100 g,67.00 IU,41.00 IU,0.05 mg,0.0 mg,0.047 mg,0.222 mg,0.124 mg,0.025 mg,0.32 mcg,0.00 mcg,132.00 mg,0.31 mg,3.05 g,0.48 mg
1362,vegetable shortening,100 g,289.00 IU,0,0.00 mg,0.4 mg,0.020 mg,0.015 mg,0.110 mg,0.007 mg,0,0,3.00 mg,0.08 mg,0.23 g,0.03 mg
14,oil,100 g,100.00 IU,8.00 IU,0.27 mg,0.0 mg,0.060 mg,0.200 mg,0.400 mg,0.010 mg,0.47 mcg,0.00 mcg,88.00 mg,0.91 mg,19.40 g,0.69 mg
1418,confectioners%27 sugar,100 g,37.00 IU,0,0.19 mg,0.0 mg,0.205 mg,0.122 mg,2.412 mg,0.019 mg,0.02 mcg,0,8.00 mg,1.85 mg,4.00 g,0.24 mg
23,sesame oil,100 g,6.00 IU,0.00 IU,0.16 mg,0.0 mg,0.444 mg,0.159 mg,3.703 mg,0.491 mg,0.00 mcg,0.00 mcg,639.00 mg,4.27 mg,11.60 g,3.76 mg
66,garlic clove,100 g,0.00 IU,0.00 IU,0.67 mg,1.2 mg,0.435 mg,0.141 mg,0.796 mg,1.654 mg,0.00 mcg,0.00 mcg,79.00 mg,5.65 mg,16.55 g,2.99 mg
137,ginger,100 g,2.00 IU,0.00 IU,0.97 mg,0.0 mg,0.200 mg,0.293 mg,3.235 mg,0.098 mg,0.00 mcg,82.00 mcg,77.00 mg,6.40 mg,5.60 g,0.55 mg
799,apple juice,100 g,17.00 IU,0.00 IU,0.07 mg,40.7 mg,0.040 mg,0.025 mg,0.173 mg,0.061 mg,0.00 mcg,0.00 mcg,8.00 mg,0.18 mg,0.41 g,0.06 mg
695,lean ground beef,100 g,0.00 IU,2.00 IU,0.14 mg,0.0 mg,0.100 mg,0.250 mg,6.700 mg,0.140 mg,2.61 mcg,0.00 mcg,22.00 mg,1.79 mg,24.75 g,4.67 mg
656,short-grain rice,100 g,11.00 IU,0.00 IU,0.85 mg,0.0 mg,0.316 mg,0.251 mg,4.270 mg,0.294 mg,0.00 mcg,0.00 mcg,24.00 mg,2.63 mg,10.34 g,2.65 mg
946,zucchini,100 g,490.00 IU,0.00 IU,0,34.1 mg,0.042 mg,0.036 mg,0.705 mg,0.142 mg,0.00 mcg,0.00 mcg,21.00 mg,0.79 mg,2.71 g,0.83 mg
88,mushroom,100 g,0,5.00 IU,0.01 mg,0.0 mg,0.225 mg,0.200 mg,7.032 mg,0.100 mg,0.00 mcg,0.00 mcg,0.00 mg,1.15 mg,2.66 g,0.65 mg
18,bean sprouts,100 g,0.00 IU,0.00 IU,0,0.0 mg,0.379 mg,0.149 mg,1.640 mg,0.075 mg,0.00 mcg,0.00 mcg,30.00 mg,2.00 mg,11.60 g,1.39 mg
143,carrot,100 g,19124.00 IU,0.00 IU,1.16 mg,8.5 mg,0.092 mg,0.055 mg,0.386 mg,0.217 mg,0.00 mcg,0.00 mcg,24.00 mg,0.46 mg,0.95 g,0.18 mg
149,chili paste,100 g,29650.00 IU,0.00 IU,38.14 mg,0.7 mg,0.250 mg,0.940 mg,11.600 mg,2.094 mg,0.00 mcg,0.00 mcg,330.00 mg,17.30 mg,13.46 g,4.30 mg
343,rice wine vinegar,100 g,0.00 IU,0,0,0.5 mg,0,0,0,0,0,0,6.00 mg,0.45 mg,0.04 g,0.03 mg
63,bread,100 g,0.00 IU,0.00 IU,0.24 mg,0.2 mg,0.439 mg,0.382 mg,6.250 mg,0.153 mg,0.00 mcg,20.00 mcg,165.00 mg,4.09 mg,12.96 g,1.47 mg
126,milk,100 g,206.00 IU,49.00 IU,0,0.0 mg,0,0.210 mg,0,0,1.23 mcg,0,123.00 mg,0.44 mg,2.47 g,0.25 mg
278,nutmeg,100 g,0.00 IU,0,0.20 mg,0.0 mg,0.000 mg,0.000 mg,0.000 mg,0.000 mg,0.00 mcg,0.00 mcg,0.00 mg,0.00 mg,0.00 g,0.00 mg
838,chorizo sausage,100 g,144.00 IU,8.00 IU,0.09 mg,30.4 mg,0.071 mg,0.173 mg,3.675 mg,0.381 mg,0.43 mcg,0.00 mcg,21.00 mg,9.60 mg,15.05 g,2.13 mg
1102,green chilies,100 g,0,0,0,12.0 mg,0,0,0,0,0,0,0,0,0.00 g,0
745,cilantro leaf,100 g,5850.00 IU,0.00 IU,1.03 mg,566.7 mg,1.252 mg,1.500 mg,10.707 mg,0.610 mg,0.00 mcg,0.00 mcg,1246.00 mg,42.46 mg,21.93 g,4.72 mg
1326,egg substitute,100 g,1230.00 IU,0.00 IU,1.26 mg,0.8 mg,0.226 mg,1.760 mg,0.577 mg,0.143 mg,3.52 mcg,0.00 mcg,326.00 mg,3.16 mg,55.50 g,1.82 mg
682,corn tortillas,100 g,1.00 IU,0.00 IU,0.07 mg,6.8 mg,0.200 mg,0.060 mg,1.700 mg,0.055 mg,0.00 mcg,0.00 mcg,2.00 mg,0.52 mg,3.22 g,0.45 mg
448,low-fat cheddar cheese,100 g,1242.00 IU,24.00 IU,0.71 mg,0.0 mg,0.029 mg,0.428 mg,0.059 mg,0.066 mg,1.10 mcg,0.00 mcg,710.00 mg,0.14 mg,22.87 g,3.64 mg
59,french bread,100 g,0,0,0.98 mg,1.6 mg,0.120 mg,0.048 mg,2.717 mg,0.220 mg,0,0,14.00 mg,0.72 mg,3.41 g,0.46 mg
54,fresh tomatoes,100 g,1496.00 IU,0.00 IU,0,16.0 mg,0.046 mg,0.034 mg,0.593 mg,0.060 mg,0.00 mcg,0.00 mcg,5.00 mg,0.47 mg,1.16 g,0.14 mg
93,white vinegar,100 g,1.00 IU,0.00 IU,0.05 mg,0.0 mg,0.003 mg,0.006 mg,0.033 mg,0.005 mg,0.00 mcg,0.00 mcg,10.00 mg,0.62 mg,1.48 g,1.05 mg
40,onion,100 g,0.00 IU,0,0,7.0 mg,0.200 mg,0.400 mg,3.700 mg,0.100 mg,0.70 mcg,17.00 mcg,280.00 mg,1.00 mg,9.00 g,0.88 mg
66,garlic,100 g,0.00 IU,0.00 IU,0.67 mg,1.2 mg,0.435 mg,0.141 mg,0.796 mg,1.654 mg,0.00 mcg,0.00 mcg,79.00 mg,5.65 mg,16.55 g,2.99 mg
17,pepper,100 g,1078.00 IU,0.00 IU,3.58 mg,118.6 mg,0.040 mg,0.070 mg,1.280 mg,0.419 mg,0.00 mcg,0.00 mcg,12.00 mg,0.25 mg,0.91 g,0.14 mg
8,cheese,100 g,820.00 IU,18.00 IU,0.21 mg,0.0 mg,0.028 mg,0.488 mg,0.630 mg,0.227 mg,1.30 mcg,0.00 mcg,388.00 mg,0.33 mg,19.80 g,2.38 mg
48,garlic butter,100 g,3069.00 IU,0.00 IU,2.80 mg,0.0 mg,0.001 mg,0.005 mg,0.003 mg,0.001 mg,0.01 mcg,0.00 mcg,4.00 mg,0.00 mg,0.28 g,0.01 mg
847,anchovy fillets,100 g,50.00 IU,0,0.57 mg,0.0 mg,0.055 mg,0.256 mg,14.024 mg,0.143 mg,0.62 mcg,0.00 mcg,147.00 mg,3.25 mg,20.35 g,1.72 mg
2100,egg yolks,100 g,144.00 IU,0,0,0.7 mg,0.008 mg,0.045 mg,0.048 mg,0.020 mg,0.06 mcg,0.00 mcg,24.00 mg,0.51 mg,1.90 g,0.29 mg
699,white wine vinegar,100 g,0.00 IU,0.00 IU,0.11 mg,0.0 mg,0.138 mg,0.021 mg,2.590 mg,0.436 mg,0.00 mcg,0.00 mcg,10.00 mg,0.35 mg,5.95 g,0.80 mg
710,fresh lemon juice,100 g,543.00 IU,55.00 IU,1.08 mg,0.0 mg,0.130 mg,0.790 mg,0.150 mg,0.150 mg,1.58 mcg,0.00 mcg,64.00 mg,3.65 mg,13.05 g,1.47 mg
816,romaine lettuce,100 g,8710.00 IU,0.00 IU,0.13 mg,4.0 mg,0.072 mg,0.067 mg,0.313 mg,0.074 mg,0.00 mcg,0.00 mcg,33.00 mg,0.97 mg,1.23 g,0.23 mg
460,garlic-flavored croutons,100 g,0.00 IU,0,0,0.0 mg,0.623 mg,0.272 mg,5.439 mg,0.026 mg,0.00 mcg,110.00 mcg,76.00 mg,4.08 mg,11.90 g,0.89 mg
57,sifted flour,100 g,0.00 IU,0.00 IU,0,0.0 mg,0.457 mg,0.172 mg,11.499 mg,0.304 mg,0.00 mcg,0.00 mcg,130.00 mg,4.74 mg,33.80 g,5.99 mg
343,red wine,100 g,0.00 IU,0,0,0.5 mg,0,0,0,0,0,0,6.00 mg,0.45 mg,0.04 g,0.03 mg
2100,egg yolk,100 g,144.00 IU,0,0,0.7 mg,0.008 mg,0.045 mg,0.048 mg,0.020 mg,0.06 mcg,0.00 mcg,24.00 mg,0.51 mg,1.90 g,0.29 mg
24,ricotta cheese,100 g,552.00 IU,11.00 IU,0.27 mg,0.0 mg,0.040 mg,0.185 mg,0.125 mg,0.045 mg,0.92 mcg,0.00 mcg,148.00 mg,0.17 mg,7.85 g,0.57 mg
2747,candied citron peel,100 g,6524.00 IU,2.00 IU,0.90 mg,9.0 mg,0.021 mg,0.041 mg,0.406 mg,0.050 mg,0.01 mcg,0.00 mcg,26.00 mg,0.79 mg,0.89 g,0.17 mg
54,tomatoes,100 g,1496.00 IU,0.00 IU,0,16.0 mg,0.046 mg,0.034 mg,0.593 mg,0.060 mg,0.00 mcg,0.00 mcg,5.00 mg,0.47 mg,1.16 g,0.14 mg
573,fresh basil leaf,100 g,5275.00 IU,0.00 IU,0.80 mg,18.0 mg,0.034 mg,0.076 mg,0.902 mg,0.155 mg,0.00 mcg,0.00 mcg,177.00 mg,3.17 mg,3.15 g,0.81 mg
698,salt and pepper,100 g,0.00 IU,41.00 IU,0.22 mg,0.0 mg,0.367 mg,0.357 mg,6.053 mg,0.459 mg,1.52 mcg,0.00 mcg,15.00 mg,1.56 mg,21.85 g,2.93 mg
534,brown sugar,100 g,0.00 IU,0.00 IU,0.00 mg,0.0 mg,0.000 mg,0.000 mg,0.110 mg,0.041 mg,0.00 mcg,0.00 mcg,83.00 mg,0.71 mg,0.12 g,0.03 mg
57,plain flour,100 g,0.00 IU,0.00 IU,0,0.0 mg,0.457 mg,0.172 mg,11.499 mg,0.304 mg,0.00 mcg,0.00 mcg,130.00 mg,4.74 mg,33.80 g,5.99 mg
2938,baking powder,100 g,0.00 IU,0.00 IU,0.00 mg,0.0 mg,0.000 mg,0.000 mg,0.000 mg,0.000 mg,0.00 mcg,0.00 mcg,4332.00 mg,8.17 mg,0.10 g,0.72 mg
695,ground cinnamon,100 g,0.00 IU,2.00 IU,0.14 mg,0.0 mg,0.100 mg,0.250 mg,6.700 mg,0.140 mg,2.61 mcg,0.00 mcg,22.00 mg,1.79 mg,24.75 g,4.67 mg
475,vanilla extract,100 g,0.00 IU,0.00 IU,0.00 mg,0.0 mg,0.011 mg,0.095 mg,0.425 mg,0.026 mg,0.00 mcg,0.00 mcg,11.00 mg,0.12 mg,0.06 g,0.11 mg
277,carrots,100 g,13790.00 IU,0.00 IU,0,2.6 mg,0.030 mg,0.036 mg,0.556 mg,0.105 mg,0.00 mcg,0.00 mcg,32.00 mg,0.89 mg,0.64 g,0.17 mg
367,raisins,100 g,0.00 IU,0.00 IU,0.12 mg,2.3 mg,0.106 mg,0.125 mg,0.766 mg,0.174 mg,0.00 mcg,0.00 mcg,50.00 mg,1.88 mg,3.07 g,0.22 mg
176,icing sugar,100 g,0,0,0,0,0.420 mg,0.280 mg,3.700 mg,0,0,0,0,3.20 mg,7.30 g,0
2027,halibut,100 g,47.00 IU,1097.00 IU,0.73 mg,0.0 mg,0.060 mg,0.080 mg,1.500 mg,0.420 mg,1.00 mcg,0.00 mcg,3.00 mg,0.66 mg,14.37 g,0.40 mg
793,shrimp,100 g,6.00 IU,0,2.61 mg,0,0.180 mg,0.250 mg,2.467 mg,0.085 mg,0.40 mcg,0,47.00 mg,1.54 mg,13.88 g,0.85 mg
1083,lemons,100 g,22.00 IU,0.00 IU,0.15 mg,53.0 mg,0.040 mg,0.020 mg,0.100 mg,0.080 mg,0.00 mcg,0.00 mcg,26.00 mg,0.60 mg,1.10 g,0.06 mg
118,cucumber,100 g,72.00 IU,0.00 IU,0.03 mg,3.2 mg,0.031 mg,0.025 mg,0.037 mg,0.051 mg,0.00 mcg,0.00 mcg,14.00 mg,0.22 mg,0.59 g,0.17 mg
110,hot pepper,100 g,547.00 IU,0.00 IU,1.04 mg,0.0 mg,0.108 mg,0.180 mg,1.143 mg,0.291 mg,0.00 mcg,0.00 mcg,443.00 mg,9.71 mg,10.39 g,1.19 mg
109,parsley,100 g,63240.00 IU,0.00 IU,0,149.0 mg,1.040 mg,2.260 mg,10.400 mg,1.375 mg,0.00 mcg,0.00 mcg,176.00 mg,53.90 mg,31.30 g,6.11 mg
990,cilantro,100 g,313.00 IU,0,0,0.0 mg,0,0,0,0,0,0,0.00 mg,0.00 mg,0.00 g,0
557,cream cheese,100 g,1111.00 IU,0.00 IU,0.86 mg,0.0 mg,0.023 mg,0.230 mg,0.091 mg,0.056 mg,0.22 mcg,0.00 mcg,97.00 mg,0.11 mg,6.15 g,0.50 mg
138,sour cream,100 g,255.00 IU,0.00 IU,0.00 mg,0.0 mg,0.040 mg,0.150 mg,0.070 mg,0.020 mg,0.30 mcg,0.00 mcg,125.00 mg,0.00 mg,3.10 g,0.50 mg
61,vanilla,100 g,0,0,0,0,0.420 mg,0.230 mg,2.600 mg,0,0,0,0,0,4.00 g,0
16,lemon,100 g,32.00 IU,0,0,0.0 mg,0.141 mg,0.106 mg,1.425 mg,0.030 mg,0.08 mcg,15.00 mcg,22.00 mg,1.22 mg,3.00 g,0.23 mg
594,graham cracker crumbs,100 g,0.00 IU,0.00 IU,0.43 mg,0.0 mg,0.696 mg,0.468 mg,5.707 mg,0.039 mg,0.00 mcg,114.00 mcg,23.00 mg,4.64 mg,9.30 g,0.69 mg
183,curry powder,100 g,19.00 IU,0.00 IU,25.24 mg,0.7 mg,0.176 mg,0.200 mg,3.260 mg,0.105 mg,0.00 mcg,0.00 mcg,525.00 mg,19.10 mg,14.29 g,4.70 mg
448,sharp cheddar cheese,100 g,1242.00 IU,24.00 IU,0.71 mg,0.0 mg,0.029 mg,0.428 mg,0.059 mg,0.066 mg,1.10 mcg,0.00 mcg,710.00 mg,0.14 mg,22.87 g,3.64 mg
25,green onion,100 g,0,0,0,0,0,0,0,0,0,0,0,0,0.00 g,0
729,sliced almonds,100 g,3.00 IU,0.00 IU,12.36 mg,0.0 mg,0.050 mg,0.270 mg,1.000 mg,0.060 mg,0.00 mcg,0.00 mcg,100.00 mg,1.90 mg,10.00 g,1.56 mg
1052,mayonnaise,100 g,43.00 IU,0.00 IU,2.40 mg,0.0 mg,0.050 mg,0.040 mg,0.090 mg,0.020 mg,0.00 mcg,0.00 mcg,53.00 mg,0.27 mg,5.95 g,0.40 mg
343,sherry wine,100 g,0.00 IU,0,0,0.5 mg,0,0,0,0,0,0,6.00 mg,0.45 mg,0.04 g,0.03 mg
110,pepper jelly,100 g,547.00 IU,0.00 IU,1.04 mg,0.0 mg,0.108 mg,0.180 mg,1.143 mg,0.291 mg,0.00 mcg,0.00 mcg,443.00 mg,9.71 mg,10.39 g,1.19 mg
1661,chicken breast,100 g,0.00 IU,0,0.07 mg,0.0 mg,0.043 mg,0.062 mg,6.536 mg,0.298 mg,0.24 mcg,0.00 mcg,6.00 mg,0.32 mg,14.59 g,0.65 mg
22,ground ginger,100 g,5130.00 IU,0.00 IU,0,50.0 mg,0.366 mg,0,4.080 mg,1.810 mg,0.00 mcg,0,2132.00 mg,37.88 mg,6.73 g,4.30 mg
66,garlic powder,100 g,0.00 IU,0.00 IU,0.67 mg,1.2 mg,0.435 mg,0.141 mg,0.796 mg,1.654 mg,0.00 mcg,0.00 mcg,79.00 mg,5.65 mg,16.55 g,2.99 mg
157,onion powder,100 g,0.00 IU,0.00 IU,0.27 mg,23.4 mg,0.457 mg,0.080 mg,0.321 mg,0.718 mg,0.00 mcg,0.00 mcg,384.00 mg,3.90 mg,10.41 g,4.05 mg
1893,chicken broth,100 g,2.00 IU,0,0.09 mg,1.0 mg,0.190 mg,0.380 mg,3.900 mg,0.100 mg,0.30 mcg,0.00 mcg,190.00 mg,1.87 mg,14.60 g,0.20 mg
0,cornstarch,100 g,0.00 IU,0.00 IU,0.00 mg,0.0 mg,0.000 mg,0.000 mg,0.000 mg,0.000 mg,0.00 mcg,0.00 mcg,2.00 mg,0.47 mg,0.26 g,0.06 mg
4914,flour tortillas,100 g,0,0,0,0,0,0,0,0,0,0,0,0,8.70 g,0
4940,scallion,100 g,997.00 IU,0.00 IU,0.55 mg,18.8 mg,0.055 mg,0.080 mg,0.525 mg,0.061 mg,0.00 mcg,0.00 mcg,72.00 mg,1.48 mg,1.83 g,0.39 mg
8,monterey jack and cheddar cheese blend,100 g,820.00 IU,18.00 IU,0.21 mg,0.0 mg,0.028 mg,0.488 mg,0.630 mg,0.227 mg,1.30 mcg,0.00 mcg,388.00 mg,0.33 mg,19.80 g,2.38 mg
305,vinegar,100 g,0.00 IU,0.00 IU,0.00 mg,0.0 mg,0.000 mg,0.000 mg,0.000 mg,0.000 mg,0.00 mcg,0.00 mcg,6.00 mg,0.03 mg,0.00 g,0.01 mg
227,mustard,100 g,3024.00 IU,0.00 IU,2.01 mg,70.0 mg,0.080 mg,0.110 mg,0.800 mg,0.180 mg,0.00 mcg,0.00 mcg,115.00 mg,1.64 mg,2.86 g,0.25 mg
772,baking soda,100 g,0.00 IU,0.00 IU,0.00 mg,0.0 mg,0.000 mg,0.000 mg,0.000 mg,0.000 mg,0.00 mcg,0.00 mcg,0.00 mg,0.00 mg,0.00 g,0.00 mg
375,cocoa,100 g,0.00 IU,0,1.80 mg,0.0 mg,0.000 mg,0.000 mg,0.000 mg,0.000 mg,0.00 mcg,0.00 mcg,0.00 mg,0.00 mg,0.00 g,0.00 mg
5137,miracle whip,100 g,69.00 IU,0,0,0.0 mg,0,0,0,0,0,0,6.00 mg,0.12 mg,0.20 g,0
2,egg,100 g,23.00 IU,0.00 IU,0.30 mg,2.2 mg,0.039 mg,0.037 mg,0.649 mg,0.084 mg,0.00 mcg,0.00 mcg,9.00 mg,0.23 mg,0.98 g,0.16 mg
1034,instant coffee,100 g,63.00 IU,0.00 IU,0.74 mg,0.9 mg,0.130 mg,0.264 mg,1.181 mg,0.205 mg,0.37 mcg,15.00 mcg,115.00 mg,9.57 mg,11.72 g,1.13 mg
1643,cream of tartar,100 g,0.00 IU,0.00 IU,0.00 mg,0.0 mg,0.000 mg,0.000 mg,0.000 mg,0.000 mg,0.00 mcg,0.00 mcg,8.00 mg,3.72 mg,0.00 g,0.42 mg
24,whipping cream,100 g,552.00 IU,11.00 IU,0.27 mg,0.0 mg,0.040 mg,0.185 mg,0.125 mg,0.045 mg,0.92 mcg,0.00 mcg,148.00 mg,0.17 mg,7.85 g,0.57 mg
4777,whipped cream,100 g,0.00 IU,0.00 IU,0.05 mg,0.0 mg,0.000 mg,0.000 mg,0.000 mg,0.000 mg,0.00 mcg,0.00 mcg,3.00 mg,0.01 mg,0.90 g,0.01 mg
686,chocolate curls,100 g,10.00 IU,0.00 IU,0.72 mg,0.0 mg,0.203 mg,0.266 mg,2.858 mg,0.051 mg,0.09 mcg,39.00 mcg,31.00 mg,4.01 mg,6.60 g,1.09 mg
328,granulated sugar,100 g,0.00 IU,0.00 IU,0.00 mg,0.0 mg,0.000 mg,0.019 mg,0.000 mg,0.000 mg,0.00 mcg,0.00 mcg,1.00 mg,0.05 mg,0.00 g,0.01 mg
93,white cornmeal,100 g,1.00 IU,0.00 IU,0.05 mg,0.0 mg,0.003 mg,0.006 mg,0.033 mg,0.005 mg,0.00 mcg,0.00 mcg,10.00 mg,0.62 mg,1.48 g,1.05 mg
617,all-purpose flour,100 g,14.00 IU,0.00 IU,0.63 mg,0.2 mg,0.053 mg,0.461 mg,1.897 mg,0.366 mg,0.00 mcg,0.00 mcg,348.00 mg,2.94 mg,4.62 g,0.92 mg
48,peanut oil,100 g,3069.00 IU,0.00 IU,2.80 mg,0.0 mg,0.001 mg,0.005 mg,0.003 mg,0.001 mg,0.01 mcg,0.00 mcg,4.00 mg,0.00 mg,0.28 g,0.01 mg
6387,minced clams,100 g,0.00 IU,26.00 IU,0.42 mg,0.0 mg,0.317 mg,0.176 mg,3.530 mg,0.218 mg,0.45 mcg,0.00 mcg,0.00 mg,0.64 mg,13.40 g,1.59 mg
854,half-and-half,100 g,170.00 IU,1.00 IU,0.12 mg,0.0 mg,0.030 mg,0.194 mg,0.109 mg,0.050 mg,0.19 mcg,0.00 mcg,133.00 mg,0.00 mg,3.33 g,0.39 mg
246,potatoes,100 g,0.00 IU,0.00 IU,0,11.4 mg,0.021 mg,0.038 mg,1.033 mg,0.239 mg,0.00 mcg,0.00 mcg,30.00 mg,3.24 mg,2.57 g,0.35 mg
6140,american cheese,100 g,11.00 IU,0,0.11 mg,0.0 mg,0.760 mg,0.690 mg,8.140 mg,0.160 mg,0.33 mcg,0,418.00 mg,30.38 mg,8.80 g,0.42 mg
83,ham,100 g,55.00 IU,0,0,0.6 mg,0.247 mg,0.239 mg,4.544 mg,0,0.83 mcg,0,127.00 mg,2.87 mg,12.92 g,1.95 mg
816,lettuce,100 g,8710.00 IU,0.00 IU,0.13 mg,4.0 mg,0.072 mg,0.067 mg,0.313 mg,0.074 mg,0.00 mcg,0.00 mcg,33.00 mg,0.97 mg,1.23 g,0.23 mg
89,crisp bacon,100 g,0.00 IU,0,0,0.0 mg,0.600 mg,0.285 mg,4.867 mg,0.500 mg,1.90 mcg,0.00 mcg,14.00 mg,1.86 mg,29.10 g,3.23 mg
446,monterey jack cheese,100 g,769.00 IU,22.00 IU,0.26 mg,0.0 mg,0.015 mg,0.390 mg,0.093 mg,0.079 mg,0.83 mcg,0.00 mcg,746.00 mg,0.72 mg,24.48 g,3.00 mg
19,deli turkey,100 g,6.00 IU,24.00 IU,0.24 mg,0.0 mg,0.426 mg,0.303 mg,3.979 mg,0.427 mg,0.99 mcg,0.00 mcg,40.00 mg,1.25 mg,19.20 g,2.32 mg
709,red bell peppers,100 g,126.00 IU,0.00 IU,0,34.2 mg,0.010 mg,0.030 mg,0.627 mg,0.120 mg,0.00 mcg,0.00 mcg,36.00 mg,1.33 mg,0.72 g,0.09 mg
30,dry sherry,100 g,0.00 IU,0.00 IU,0.11 mg,0.0 mg,0.090 mg,0.060 mg,1.700 mg,0.142 mg,0.00 mcg,0.00 mcg,21.00 mg,1.30 mg,13.04 g,1.41 mg
24,heavy cream,100 g,552.00 IU,11.00 IU,0.27 mg,0.0 mg,0.040 mg,0.185 mg,0.125 mg,0.045 mg,0.92 mcg,0.00 mcg,148.00 mg,0.17 mg,7.85 g,0.57 mg
93,white pepper,100 g,1.00 IU,0.00 IU,0.05 mg,0.0 mg,0.003 mg,0.006 mg,0.033 mg,0.005 mg,0.00 mcg,0.00 mcg,10.00 mg,0.62 mg,1.48 g,1.05 mg
25,tabasco sauce,100 g,0,0,0,0,0,0,0,0,0,0,0,0,0.00 g,0
158,celery salt,100 g,2499.00 IU,0.00 IU,2.32 mg,0.0 mg,0.005 mg,0.034 mg,0.042 mg,0.003 mg,0.17 mcg,0.00 mcg,24.00 mg,0.02 mg,0.85 g,0.09 mg
462,paprika,100 g,49254.00 IU,0.00 IU,29.10 mg,0.9 mg,0.330 mg,1.230 mg,10.060 mg,2.141 mg,0.00 mcg,0.00 mcg,229.00 mg,21.14 mg,14.14 g,4.33 mg
18,vanilla bean,100 g,0.00 IU,0.00 IU,0,0.0 mg,0.379 mg,0.149 mg,1.640 mg,0.075 mg,0.00 mcg,0.00 mcg,30.00 mg,2.00 mg,11.60 g,1.39 mg
729,dark brown sugar,100 g,3.00 IU,0.00 IU,12.36 mg,0.0 mg,0.050 mg,0.270 mg,1.000 mg,0.060 mg,0.00 mcg,0.00 mcg,100.00 mg,1.90 mg,10.00 g,1.56 mg
710,fresh raspberry,100 g,543.00 IU,55.00 IU,1.08 mg,0.0 mg,0.130 mg,0.790 mg,0.150 mg,0.150 mg,1.58 mcg,0.00 mcg,64.00 mg,3.65 mg,13.05 g,1.47 mg
1420,baking chocolate,100 g,0.00 IU,0.00 IU,0.36 mg,0.1 mg,0.057 mg,0.105 mg,1.829 mg,0.034 mg,0.00 mcg,0.00 mcg,34.00 mg,2.18 mg,3.64 g,1.26 mg
2250,pralines,100 g,19.00 IU,0,0.50 mg,0.3 mg,0.203 mg,0.053 mg,0.415 mg,0.077 mg,0.00 mcg,0.00 mcg,43.00 mg,1.29 mg,3.30 g,1.67 mg
1,pecans,100 g,56.00 IU,0.00 IU,1.40 mg,1.1 mg,0.660 mg,0.130 mg,1.167 mg,0.210 mg,0.00 mcg,0.00 mcg,70.00 mg,2.53 mg,9.17 g,4.53 mg
2933,coffee beans,100 g,168.00 IU,0.00 IU,0.44 mg,0.0 mg,0.098 mg,0.315 mg,0.332 mg,0.031 mg,0.65 mcg,0.00 mcg,169.00 mg,2.29 mg,7.41 g,2.02 mg
613,bananas,100 g,64.00 IU,0.00 IU,0.10 mg,8.7 mg,0.031 mg,0.073 mg,0.665 mg,0.367 mg,0.00 mcg,0.00 mcg,5.00 mg,0.26 mg,1.09 g,0.15 mg
566,swiss cheese,100 g,1047.00 IU,0.00 IU,0.60 mg,0.0 mg,0.011 mg,0.302 mg,0.064 mg,0.071 mg,3.06 mcg,0.00 mcg,890.00 mg,0.13 mg,26.96 g,4.37 mg
57,cake flour,100 g,0.00 IU,0.00 IU,0,0.0 mg,0.457 mg,0.172 mg,11.499 mg,0.304 mg,0.00 mcg,0.00 mcg,130.00 mg,4.74 mg,33.80 g,5.99 mg
490,unsalted butter,100 g,2499.00 IU,0.00 IU,2.32 mg,0.0 mg,0.005 mg,0.034 mg,0.042 mg,0.003 mg,0.17 mcg,0.00 mcg,24.00 mg,0.02 mg,0.85 g,0.09 mg
1277,buttermilk,100 g,175.00 IU,20.00 IU,0.10 mg,5.7 mg,0.392 mg,1.579 mg,0.876 mg,0.338 mg,3.82 mcg,0.00 mcg,1184.00 mg,0.30 mg,34.30 g,4.02 mg
711,seasoning salt,100 g,15563.00 IU,0.00 IU,1.06 mg,4.2 mg,0.024 mg,0.054 mg,0.367 mg,0.056 mg,0.00 mcg,0.00 mcg,26.00 mg,1.39 mg,1.10 g,0.17 mg
759,prepared mustard,100 g,0.00 IU,0,0.86 mg,0.0 mg,0.048 mg,0.056 mg,0.402 mg,0.060 mg,0.23 mcg,0,32.00 mg,0.86 mg,2.60 g,0.36 mg
152,pickle relish,100 g,1218.00 IU,0.00 IU,0.58 mg,1.0 mg,0.000 mg,0.033 mg,0.233 mg,0.015 mg,0.00 mcg,0.00 mcg,3.00 mg,0.87 mg,0.37 g,0.14 mg
1418,refrigerated biscuits,100 g,37.00 IU,0,0.19 mg,0.0 mg,0.205 mg,0.122 mg,2.412 mg,0.019 mg,0.02 mcg,0,8.00 mg,1.85 mg,4.00 g,0.24 mg
922,edamame,100 g,0,0,0.72 mg,9.7 mg,0.150 mg,0.265 mg,0.925 mg,0.135 mg,0,0.00 mcg,60.00 mg,2.11 mg,11.22 g,1.32 mg
691,cold water,100 g,0.00 IU,0.00 IU,0.47 mg,0.0 mg,0.000 mg,0.000 mg,0.000 mg,0.000 mg,0.00 mcg,0.00 mcg,1.00 mg,0.00 mg,0.11 g,0.07 mg
110,cayenne pepper,100 g,547.00 IU,0.00 IU,1.04 mg,0.0 mg,0.108 mg,0.180 mg,1.143 mg,0.291 mg,0.00 mcg,0.00 mcg,443.00 mg,9.71 mg,10.39 g,1.19 mg
1308,english muffins,100 g,1.00 IU,0.00 IU,0.45 mg,0.0 mg,0.431 mg,0.292 mg,3.356 mg,0.087 mg,0.00 mcg,25.00 mcg,178.00 mg,2.87 mg,8.70 g,1.07 mg
14,boiled ham,100 g,100.00 IU,8.00 IU,0.27 mg,0.0 mg,0.060 mg,0.200 mg,0.400 mg,0.010 mg,0.47 mcg,0.00 mcg,88.00 mg,0.91 mg,19.40 g,0.69 mg
134,snails,100 g,100.00 IU,0.00 IU,5.00 mg,0.0 mg,0.010 mg,0.120 mg,1.400 mg,0.130 mg,0.50 mcg,0.00 mcg,10.00 mg,3.50 mg,16.10 g,1.00 mg
6118,chickpeas,100 g,67.00 IU,0.00 IU,0.82 mg,4.0 mg,0.477 mg,0.212 mg,1.541 mg,0.535 mg,0.00 mcg,0.00 mcg,57.00 mg,4.31 mg,20.47 g,2.76 mg
745,coriander,100 g,5850.00 IU,0.00 IU,1.03 mg,566.7 mg,1.252 mg,1.500 mg,10.707 mg,0.610 mg,0.00 mcg,0.00 mcg,1246.00 mg,42.46 mg,21.93 g,4.72 mg
311,cumin,100 g,1270.00 IU,0.00 IU,3.33 mg,7.7 mg,0.628 mg,0.327 mg,4.579 mg,0.435 mg,0.00 mcg,0.00 mcg,931.00 mg,66.36 mg,17.81 g,4.80 mg
1200,filet mignon,100 g,0,0,1.17 mg,0.3 mg,0.211 mg,0.130 mg,2.220 mg,0,1.08 mcg,0,120.00 mg,1.56 mg,11.26 g,0.58 mg
849,seasoning,100 g,9381.00 IU,0,0,45.0 mg,0,0,0,0,0,0,0,6.75 mg,0.00 g,0
508,fresh white mushrooms,100 g,8424.00 IU,0.00 IU,0.75 mg,133.0 mg,0.086 mg,0.098 mg,1.313 mg,0.090 mg,0.00 mcg,0.00 mcg,138.00 mg,6.20 mg,2.97 g,1.07 mg
682,sweet vermouth,100 g,1.00 IU,0.00 IU,0.07 mg,6.8 mg,0.200 mg,0.060 mg,1.700 mg,0.055 mg,0.00 mcg,0.00 mcg,2.00 mg,0.52 mg,3.22 g,0.45 mg
711,salt %26 pepper,100 g,15563.00 IU,0.00 IU,1.06 mg,4.2 mg,0.024 mg,0.054 mg,0.367 mg,0.056 mg,0.00 mcg,0.00 mcg,26.00 mg,1.39 mg,1.10 g,0.17 mg
1398,pan dripping,100 g,23.00 IU,0.00 IU,0.29 mg,1.2 mg,0.377 mg,0.230 mg,3.463 mg,0.057 mg,0.11 mcg,68.00 mcg,86.00 mg,2.87 mg,9.42 g,0.84 mg
24,deep fat,100 g,552.00 IU,11.00 IU,0.27 mg,0.0 mg,0.040 mg,0.185 mg,0.125 mg,0.045 mg,0.92 mcg,0.00 mcg,148.00 mg,0.17 mg,7.85 g,0.57 mg
585,white fish fillets,100 g,67.00 IU,0,0.63 mg,0.0 mg,0.020 mg,0.021 mg,0.220 mg,0.030 mg,1.60 mcg,0.00 mcg,9.00 mg,0.26 mg,15.18 g,0.33 mg
600,self-raising flour,100 g,0,0,0.11 mg,0.0 mg,0.413 mg,0.073 mg,6.020 mg,0.372 mg,0,0.00 mcg,14.00 mg,3.94 mg,10.75 g,2.63 mg
16,lemon wedge,100 g,32.00 IU,0,0,0.0 mg,0.141 mg,0.106 mg,1.425 mg,0.030 mg,0.08 mcg,15.00 mcg,22.00 mg,1.22 mg,3.00 g,0.23 mg
256,duck liver,100 g,100000.00 IU,10000.00 IU,0,0.0 mg,0,0.000 mg,0.000 mg,0.000 mg,0.00 mcg,0.00 mcg,0.00 mg,0.00 mg,0.00 g,0.00 mg
792,cognac,100 g,75.00 IU,0,0.25 mg,15.8 mg,0.074 mg,0.135 mg,3.463 mg,0.227 mg,0.59 mcg,0.00 mcg,92.00 mg,1.25 mg,11.33 g,1.22 mg
17,red peppers,100 g,1078.00 IU,0.00 IU,3.58 mg,118.6 mg,0.040 mg,0.070 mg,1.280 mg,0.419 mg,0.00 mcg,0.00 mcg,12.00 mg,0.25 mg,0.91 g,0.14 mg
976,russet potatoes,100 g,0.00 IU,0.00 IU,0.02 mg,10.5 mg,0.020 mg,0.010 mg,0.350 mg,0.070 mg,0.00 mcg,0.00 mcg,4.00 mg,0.20 mg,1.00 g,0.17 mg
55,yellow onions,100 g,0.00 IU,0.00 IU,0,9.0 mg,0.041 mg,0.047 mg,1.179 mg,0.056 mg,0.00 mcg,0.00 mcg,11.00 mg,0.49 mg,0.98 g,0.28 mg
11,dried thyme,100 g,26822.00 IU,0,0,48.4 mg,0,0,0,0,0,0,190.00 mg,6.80 mg,14.26 g,0
4677,beef stock,100 g,194.00 IU,0.00 IU,0.89 mg,0.8 mg,0.028 mg,0.076 mg,0.960 mg,0.030 mg,0.00 mcg,0.00 mcg,8.00 mg,0.67 mg,2.51 g,1.10 mg
619,salt and black pepper,100 g,0.00 IU,0.00 IU,0.00 mg,0.0 mg,0.000 mg,0.000 mg,0.000 mg,0.000 mg,0.00 mcg,0.00 mcg,24.00 mg,0.33 mg,0.00 g,0.10 mg
487,gruyere cheese,100 g,948.00 IU,24.00 IU,0.28 mg,0.0 mg,0.060 mg,0.279 mg,0.106 mg,0.081 mg,1.60 mcg,0.00 mcg,1011.00 mg,0.17 mg,29.81 g,3.90 mg
1548,mozzarella cheese,100 g,343.00 IU,0,0.74 mg,0,0.150 mg,0.257 mg,0.980 mg,0.084 mg,0.95 mcg,0,331.00 mg,0.84 mg,13.56 g,1.98 mg
747,lemon%2c juice of,100 g,6.00 IU,0.00 IU,0,2.6 mg,0.065 mg,0.135 mg,1.101 mg,0.080 mg,0.00 mcg,0.00 mcg,65.00 mg,8.17 mg,1.82 g,2.23 mg
10,hot sauce,100 g,313.00 IU,0,0,0,0,0,0,0,0,0,0,0,0.00 g,0
152,sweet paprika,100 g,1218.00 IU,0.00 IU,0.58 mg,1.0 mg,0.000 mg,0.033 mg,0.233 mg,0.015 mg,0.00 mcg,0.00 mcg,3.00 mg,0.87 mg,0.37 g,0.14 mg
1009,vegetable oil,100 g,0.00 IU,0.00 IU,3.81 mg,0.0 mg,0.000 mg,0.000 mg,0.000 mg,0.000 mg,0.00 mcg,0.00 mcg,0.00 mg,0.00 mg,0.00 g,0.00 mg
25,dipping sauce,100 g,0,0,0,0,0,0,0,0,0,0,0,0,0.00 g,0
539,shallot,100 g,4.00 IU,0.00 IU,0.04 mg,8.0 mg,0.060 mg,0.020 mg,0.200 mg,0.345 mg,0.00 mcg,0.00 mcg,37.00 mg,1.20 mg,2.50 g,0.40 mg
290,tomato paste,100 g,0.00 IU,0.00 IU,13.54 mg,0.1 mg,0.082 mg,0.414 mg,1.422 mg,0.036 mg,0.00 mcg,0.00 mcg,172.00 mg,1.60 mg,9.00 g,1.48 mg
110,black olives,100 g,547.00 IU,0.00 IU,1.04 mg,0.0 mg,0.108 mg,0.180 mg,1.143 mg,0.291 mg,0.00 mcg,0.00 mcg,443.00 mg,9.71 mg,10.39 g,1.19 mg
517,capers,100 g,138.00 IU,0.00 IU,0.88 mg,4.3 mg,0.018 mg,0.139 mg,0.652 mg,0.023 mg,0.00 mcg,0.00 mcg,40.00 mg,1.67 mg,2.36 g,0.32 mg
149,chili flakes,100 g,29650.00 IU,0.00 IU,38.14 mg,0.7 mg,0.250 mg,0.940 mg,11.600 mg,2.094 mg,0.00 mcg,0.00 mcg,330.00 mg,17.30 mg,13.46 g,4.30 mg
747,lemon%2c zest of,100 g,6.00 IU,0.00 IU,0,2.6 mg,0.065 mg,0.135 mg,1.101 mg,0.080 mg,0.00 mcg,0.00 mcg,65.00 mg,8.17 mg,1.82 g,2.23 mg
19,cooked rice,100 g,6.00 IU,24.00 IU,0.24 mg,0.0 mg,0.426 mg,0.303 mg,3.979 mg,0.427 mg,0.99 mcg,0.00 mcg,40.00 mg,1.25 mg,19.20 g,2.32 mg
785,red bell pepper,100 g,2760.00 IU,0.00 IU,3.09 mg,162.8 mg,0.056 mg,0.109 mg,0.954 mg,0.364 mg,0.00 mcg,0.00 mcg,7.00 mg,0.47 mg,1.04 g,0.15 mg
4940,scallions,100 g,997.00 IU,0.00 IU,0.55 mg,18.8 mg,0.055 mg,0.080 mg,0.525 mg,0.061 mg,0.00 mcg,0.00 mcg,72.00 mg,1.48 mg,1.83 g,0.39 mg
53,frozen peas,100 g,44.00 IU,0,0,19.7 mg,0.374 mg,0.200 mg,1.074 mg,0.316 mg,0.00 mcg,0,6.00 mg,0.43 mg,1.47 g,0.28 mg
3845,unflavored gelatin,100 g,0.00 IU,0.00 IU,0.00 mg,0.0 mg,0.000 mg,0.006 mg,0.001 mg,0.000 mg,0.00 mcg,0.00 mcg,3.00 mg,0.02 mg,1.22 g,0.01 mg
1520,skim milk,100 g,481.00 IU,12.00 IU,0.14 mg,0.0 mg,0.018 mg,0.303 mg,0.105 mg,0.070 mg,0.82 mcg,0.00 mcg,782.00 mg,0.22 mg,24.26 g,2.76 mg
610,plain low-fat yogurt,100 g,0.00 IU,191.00 IU,2.70 mg,0.0 mg,0.000 mg,0.000 mg,0.000 mg,0.000 mg,0.00 mcg,0.00 mcg,0.00 mg,0.00 mg,0.00 g,0.00 mg
11,dried basil,100 g,26822.00 IU,0,0,48.4 mg,0,0,0,0,0,0,190.00 mg,6.80 mg,14.26 g,0
29,dried oregano,100 g,29.00 IU,0.00 IU,9.33 mg,0.8 mg,0.364 mg,0.227 mg,4.387 mg,0.094 mg,0.00 mcg,0.00 mcg,16.00 mg,5.53 mg,13.69 g,6.45 mg
29,dried rosemary,100 g,29.00 IU,0.00 IU,9.33 mg,0.8 mg,0.364 mg,0.227 mg,4.387 mg,0.094 mg,0.00 mcg,0.00 mcg,16.00 mg,5.53 mg,13.69 g,6.45 mg
1969,round sourdough loaf,100 g,260.00 IU,33.00 IU,0.40 mg,7.8 mg,0.392 mg,0.115 mg,2.486 mg,0.418 mg,0.54 mcg,0.00 mcg,109.00 mg,1.33 mg,11.23 g,1.68 mg
6936,mashed potatoes,100 g,319.00 IU,2.00 IU,0.24 mg,0.8 mg,0.138 mg,0.252 mg,3.057 mg,0.177 mg,0.33 mcg,7.00 mcg,27.00 mg,0.79 mg,6.97 g,0.48 mg
849,italian seasoning,100 g,9381.00 IU,0,0,45.0 mg,0,0,0,0,0,0,0,6.75 mg,0.00 g,0
40,onion salt,100 g,0.00 IU,0,0,7.0 mg,0.200 mg,0.400 mg,3.700 mg,0.100 mg,0.70 mcg,17.00 mcg,280.00 mg,1.00 mg,9.00 g,0.88 mg
6005,green pepper,100 g,232.00 IU,0.00 IU,0,8.8 mg,0.022 mg,0.080 mg,0.950 mg,0.097 mg,0.00 mcg,0.00 mcg,5.00 mg,0.79 mg,2.33 g,0.37 mg
591,feta cheese,100 g,422.00 IU,16.00 IU,0.18 mg,0.0 mg,0.154 mg,0.844 mg,0.991 mg,0.424 mg,1.69 mcg,0.00 mcg,493.00 mg,0.65 mg,14.21 g,2.88 mg
286,herbs,100 g,5559.00 IU,0.00 IU,0,37.0 mg,0.133 mg,0.546 mg,1.260 mg,0.600 mg,0.00 mcg,0.00 mcg,208.00 mg,4.76 mg,4.65 g,0.79 mg
680,oregano,100 g,1701.00 IU,0.00 IU,18.26 mg,2.3 mg,0.177 mg,0.528 mg,4.640 mg,1.044 mg,0.00 mcg,0.00 mcg,1597.00 mg,36.80 mg,9.00 g,2.69 mg
11,dried chives,100 g,26822.00 IU,0,0,48.4 mg,0,0,0,0,0,0,190.00 mg,6.80 mg,14.26 g,0
1303,tarragon,100 g,4200.00 IU,0.00 IU,0,50.0 mg,0.251 mg,1.339 mg,8.950 mg,2.410 mg,0.00 mcg,0.00 mcg,1139.00 mg,32.30 mg,22.77 g,3.90 mg
796,white bread,100 g,100.00 IU,0,0,1.1 mg,0.400 mg,0.200 mg,4.000 mg,0,0,0,301.00 mg,3.60 mg,0.01 g,0
448,cheddar cheese,100 g,1242.00 IU,24.00 IU,0.71 mg,0.0 mg,0.029 mg,0.428 mg,0.059 mg,0.066 mg,1.10 mcg,0.00 mcg,710.00 mg,0.14 mg,22.87 g,3.64 mg
705,salmon fillets,100 g,87.00 IU,685.00 IU,1.35 mg,0.0 mg,0.023 mg,0.101 mg,4.720 mg,0.278 mg,3.26 mcg,0.00 mcg,11.00 mg,0.85 mg,18.28 g,0.31 mg
1107,avocados,100 g,147.00 IU,0.00 IU,1.97 mg,8.8 mg,0.075 mg,0.143 mg,1.912 mg,0.287 mg,0.00 mcg,0.00 mcg,13.00 mg,0.61 mg,1.96 g,0.68 mg
483,lime juice,100 g,50.00 IU,0.00 IU,0.22 mg,30.0 mg,0.025 mg,0.015 mg,0.142 mg,0.038 mg,0.00 mcg,0.00 mcg,14.00 mg,0.09 mg,0.42 g,0.08 mg
158,kosher salt,100 g,2499.00 IU,0.00 IU,2.32 mg,0.0 mg,0.005 mg,0.034 mg,0.042 mg,0.003 mg,0.17 mcg,0.00 mcg,24.00 mg,0.02 mg,0.85 g,0.09 mg
107,cabbage,100 g,263.00 IU,0.00 IU,0,3.2 mg,0.005 mg,0.025 mg,0.466 mg,0.037 mg,0.00 mcg,0.00 mcg,29.00 mg,0.74 mg,1.10 g,0.14 mg
7,ground pork,100 g,0.00 IU,2.00 IU,0.20 mg,0.0 mg,0.110 mg,0.210 mg,5.960 mg,0.130 mg,2.31 mcg,0.00 mcg,16.00 mg,1.55 mg,16.56 g,3.41 mg
719,japanese soy sauce,100 g,6.00 IU,0.00 IU,0.28 mg,0.4 mg,0.004 mg,0.217 mg,1.170 mg,0.062 mg,0.00 mcg,0.00 mcg,32.00 mg,1.01 mg,3.31 g,0.32 mg
350,mirin,100 g,15.00 IU,0.00 IU,0.05 mg,0.0 mg,0.212 mg,0.085 mg,0.950 mg,0.032 mg,0.00 mcg,0.00 mcg,0.00 mg,0.00 mg,0.00 g,0.08 mg
735,hot water,100 g,140.00 IU,0,0.42 mg,1.5 mg,0.040 mg,0.190 mg,0.680 mg,0.080 mg,0.41 mcg,0.00 mcg,131.00 mg,0.37 mg,3.57 g,0.60 mg
1087,gyoza skins,100 g,40.00 IU,0.00 IU,0.53 mg,0.5 mg,0.099 mg,0.283 mg,1.549 mg,0.023 mg,0.64 mcg,0.00 mcg,30.00 mg,0.88 mg,61.30 g,0.56 mg
5745,ground beef,100 g,89.00 IU,0,0.44 mg,0,0.160 mg,0.220 mg,2.785 mg,0.125 mg,1.15 mcg,0,123.00 mg,1.94 mg,13.19 g,1.97 mg
677,quick oats,100 g,0.00 IU,0.00 IU,0,0.0 mg,0.763 mg,0.139 mg,0.961 mg,0.119 mg,0.00 mcg,0.00 mcg,54.00 mg,4.72 mg,16.89 g,3.97 mg
1628,sea salt,100 g,0.00 mcg,0.00 IU,0.00 mg,0,0.250 mg,0.100 mg,1.900 mg,0.080 mg,0.00 mcg,0,0,2.20 mg,10.50 g,0.50 mg
8,vermont sharp cheddar cheese,100 g,820.00 IU,18.00 IU,0.21 mg,0.0 mg,0.028 mg,0.488 mg,0.630 mg,0.227 mg,1.30 mcg,0.00 mcg,388.00 mg,0.33 mg,19.80 g,2.38 mg
165,kaiser rolls,100 g,135.00 IU,0.00 IU,0.38 mg,0.2 mg,0.480 mg,0.327 mg,3.787 mg,0.110 mg,0.21 mcg,51.00 mcg,62.00 mg,2.74 mg,10.04 g,0.85 mg
1260,pickles,100 g,191.00 IU,0.00 IU,0.09 mg,1.0 mg,0.000 mg,0.010 mg,0.000 mg,0.009 mg,0.00 mcg,0.00 mcg,0.00 mg,0.40 mg,0.33 g,0.02 mg
606,stone ground mustard,100 g,0.00 IU,0,0,0.0 mg,0.000 mg,0.000 mg,0.000 mg,0.000 mg,0.00 mcg,0.00 mcg,0.00 mg,0.00 mg,0.00 g,0.00 mg
503,dried chinese mushrooms,100 g,0.00 IU,0,0,28.0 mg,0.040 mg,0.500 mg,1.000 mg,0,0.00 mcg,0,45.00 mg,5.40 mg,4.90 g,0.22 mg
14,chicken,100 g,100.00 IU,8.00 IU,0.27 mg,0.0 mg,0.060 mg,0.200 mg,0.400 mg,0.010 mg,0.47 mcg,0.00 mcg,88.00 mg,0.91 mg,19.40 g,0.69 mg
706,firm tofu,100 g,0.00 IU,0,0,1.1 mg,0,0,0,0,0,0,149.00 mg,1.69 mg,10.92 g,0
312,bamboo shoots,100 g,20.00 IU,0.00 IU,1.00 mg,4.0 mg,0.150 mg,0.070 mg,0.600 mg,0.240 mg,0.00 mcg,0.00 mcg,13.00 mg,0.50 mg,2.60 g,1.10 mg
14,chicken stock,100 g,100.00 IU,8.00 IU,0.27 mg,0.0 mg,0.060 mg,0.200 mg,0.400 mg,0.010 mg,0.47 mcg,0.00 mcg,88.00 mg,0.91 mg,19.40 g,0.69 mg
159,rice wine,100 g,0.00 IU,0.00 IU,0.03 mg,0.0 mg,0.018 mg,0.004 mg,0.072 mg,0.006 mg,0.00 mcg,0.00 mcg,4.00 mg,0.14 mg,1.79 g,0.25 mg
719,light soy sauce,100 g,6.00 IU,0.00 IU,0.28 mg,0.4 mg,0.004 mg,0.217 mg,1.170 mg,0.062 mg,0.00 mcg,0.00 mcg,32.00 mg,1.01 mg,3.31 g,0.32 mg
159,rice vinegar,100 g,0.00 IU,0.00 IU,0.03 mg,0.0 mg,0.018 mg,0.004 mg,0.072 mg,0.006 mg,0.00 mcg,0.00 mcg,4.00 mg,0.14 mg,1.79 g,0.25 mg
719,hot pepper sauce,100 g,6.00 IU,0.00 IU,0.28 mg,0.4 mg,0.004 mg,0.217 mg,1.170 mg,0.062 mg,0.00 mcg,0.00 mcg,32.00 mg,1.01 mg,3.31 g,0.32 mg
735,hot dogs,100 g,140.00 IU,0,0.42 mg,1.5 mg,0.040 mg,0.190 mg,0.680 mg,0.080 mg,0.41 mcg,0.00 mcg,131.00 mg,0.37 mg,3.57 g,0.60 mg
735,hot dog buns,100 g,140.00 IU,0,0.42 mg,1.5 mg,0.040 mg,0.190 mg,0.680 mg,0.080 mg,0.41 mcg,0.00 mcg,131.00 mg,0.37 mg,3.57 g,0.60 mg
40,white onion,100 g,0.00 IU,0,0,7.0 mg,0.200 mg,0.400 mg,3.700 mg,0.100 mg,0.70 mcg,17.00 mcg,280.00 mg,1.00 mg,9.00 g,0.88 mg
2544,jalapenos,100 g,333.00 IU,0,0,12.0 mg,0,0,0,0,0,0,67.00 mg,0,0.00 g,0
89,bacon,100 g,0.00 IU,0,0,0.0 mg,0.600 mg,0.285 mg,4.867 mg,0.500 mg,1.90 mcg,0.00 mcg,14.00 mg,1.86 mg,29.10 g,3.23 mg
546,dried chipotle chile,100 g,0.00 IU,0.00 IU,0,1.4 mg,0.826 mg,0.350 mg,3.000 mg,0.950 mg,0.00 mcg,0.00 mcg,113.00 mg,6.14 mg,4.82 g,7.52 mg
1097,jalapeno pepper,100 g,625.00 IU,0,0,7.5 mg,0,0,0,0,0,0,0,0,3.13 g,0
472,tomatillo,100 g,114.00 IU,0.00 IU,0.38 mg,11.7 mg,0.044 mg,0.035 mg,1.850 mg,0.056 mg,0.00 mcg,0.00 mcg,7.00 mg,0.62 mg,0.96 g,0.22 mg
29,dried marjoram,100 g,29.00 IU,0.00 IU,9.33 mg,0.8 mg,0.364 mg,0.227 mg,4.387 mg,0.094 mg,0.00 mcg,0.00 mcg,16.00 mg,5.53 mg,13.69 g,6.45 mg
546,dried garbanzo beans,100 g,0.00 IU,0.00 IU,0,1.4 mg,0.826 mg,0.350 mg,3.000 mg,0.950 mg,0.00 mcg,0.00 mcg,113.00 mg,6.14 mg,4.82 g,7.52 mg
799,lemons%2c juice of,100 g,17.00 IU,0.00 IU,0.07 mg,40.7 mg,0.040 mg,0.025 mg,0.173 mg,0.061 mg,0.00 mcg,0.00 mcg,8.00 mg,0.18 mg,0.41 g,0.06 mg
739,peanut butter,100 g,0.00 IU,0.00 IU,9.05 mg,0.0 mg,0.120 mg,0.110 mg,13.690 mg,0.450 mg,0.00 mcg,0.00 mcg,41.00 mg,1.90 mg,24.00 g,2.78 mg
690,lasagna noodles,100 g,0.00 IU,0.00 IU,2.30 mg,0.0 mg,0.578 mg,0.421 mg,5.950 mg,0.110 mg,0.00 mcg,84.00 mcg,20.00 mg,4.73 mg,8.11 g,1.40 mg
2066,tomato sauce,100 g,696.00 IU,0.00 IU,0.62 mg,0.0 mg,0.058 mg,0.052 mg,1.302 mg,0.058 mg,0.01 mcg,27.00 mcg,13.00 mg,0.91 mg,2.22 g,0.38 mg
296,onions,100 g,1.00 IU,0.00 IU,0.02 mg,4.8 mg,0.041 mg,0.020 mg,0.133 mg,0.130 mg,0,0,20.00 mg,0.26 mg,0.80 g,0.13 mg
66,garlic salt,100 g,0.00 IU,0.00 IU,0.67 mg,1.2 mg,0.435 mg,0.141 mg,0.796 mg,1.654 mg,0.00 mcg,0.00 mcg,79.00 mg,5.65 mg,16.55 g,2.99 mg
24,cottage cheese,100 g,552.00 IU,11.00 IU,0.27 mg,0.0 mg,0.040 mg,0.185 mg,0.125 mg,0.045 mg,0.92 mcg,0.00 mcg,148.00 mg,0.17 mg,7.85 g,0.57 mg
109,parsley flakes,100 g,63240.00 IU,0.00 IU,0,149.0 mg,1.040 mg,2.260 mg,10.400 mg,1.375 mg,0.00 mcg,0.00 mcg,176.00 mg,53.90 mg,31.30 g,6.11 mg
2303,lobster shells,100 g,0.00 IU,0,0,0.0 mg,0.228 mg,0.053 mg,1.350 mg,0.296 mg,0.00 mcg,99.00 mcg,160.00 mg,2.50 mg,7.20 g,1.40 mg
2651,lobsters,100 g,4.00 IU,1.00 IU,0.87 mg,0.0 mg,0.020 mg,0.014 mg,1.591 mg,0.104 mg,1.25 mcg,0.00 mcg,84.00 mg,0.26 mg,16.52 g,3.53 mg
849,old bay seasoning,100 g,9381.00 IU,0,0,45.0 mg,0,0,0,0,0,0,0,6.75 mg,0.00 g,0
15,lobster meat,100 g,57.00 IU,0,0,7.2 mg,0.283 mg,0.285 mg,8.200 mg,0.530 mg,0.47 mcg,0.00 mcg,13.00 mg,4.51 mg,21.76 g,2.70 mg
52,lettuce leaves,100 g,16000.00 IU,0.00 IU,0,93.2 mg,0.065 mg,0.119 mg,0.638 mg,0.159 mg,0.00 mcg,0.00 mcg,48.00 mg,0.88 mg,2.98 g,0.40 mg
165,rolls,100 g,135.00 IU,0.00 IU,0.38 mg,0.2 mg,0.480 mg,0.327 mg,3.787 mg,0.110 mg,0.21 mcg,51.00 mcg,62.00 mg,2.74 mg,10.04 g,0.85 mg
1437,elbow macaroni,100 g,230.00 IU,0,0.73 mg,0,0.097 mg,0.247 mg,0.710 mg,0.060 mg,0.19 mcg,0,145.00 mg,0.57 mg,6.49 g,0.83 mg
57,almond flour,100 g,0.00 IU,0.00 IU,0,0.0 mg,0.457 mg,0.172 mg,11.499 mg,0.304 mg,0.00 mcg,0.00 mcg,130.00 mg,4.74 mg,33.80 g,5.99 mg
56,egg whites,100 g,217.00 IU,0,0,0.4 mg,0.145 mg,0.412 mg,0.320 mg,0.216 mg,1.17 mcg,0.00 mcg,228.00 mg,1.93 mg,6.90 g,1.05 mg
1133,food coloring,100 g,304.00 IU,0.00 IU,0.25 mg,0.0 mg,0.026 mg,0.660 mg,0.213 mg,0.060 mg,0.22 mcg,0.00 mcg,115.00 mg,0.46 mg,3.37 g,0.57 mg
1419,bittersweet chocolate,100 g,3.00 IU,0.00 IU,4.96 mg,0.0 mg,0.085 mg,0.170 mg,0.427 mg,0.082 mg,0.27 mcg,0.00 mcg,108.00 mg,4.38 mg,5.41 g,1.06 mg
198,soybeans,100 g,180.00 IU,0.00 IU,0,29.0 mg,0.435 mg,0.175 mg,1.650 mg,0.065 mg,0.00 mcg,0.00 mcg,197.00 mg,3.55 mg,12.95 g,0.99 mg
694,dried rice koji,100 g,463.00 IU,0,4.51 mg,0,0.073 mg,0.262 mg,5.970 mg,0.176 mg,19.10 mcg,0,1600.00 mg,5.40 mg,56.19 g,6.70 mg
923,mussels,100 g,160.00 IU,0.00 IU,0.55 mg,8.0 mg,0.160 mg,0.210 mg,1.600 mg,0.050 mg,12.00 mcg,0.00 mcg,26.00 mg,3.95 mg,11.90 g,1.60 mg
508,fresh parsley leaves,100 g,8424.00 IU,0.00 IU,0.75 mg,133.0 mg,0.086 mg,0.098 mg,1.313 mg,0.090 mg,0.00 mcg,0.00 mcg,138.00 mg,6.20 mg,2.97 g,1.07 mg
572,fresh thyme leaves,100 g,4751.00 IU,0.00 IU,0,160.1 mg,0.048 mg,0.471 mg,1.824 mg,0.348 mg,0.00 mcg,0.00 mcg,405.00 mg,17.45 mg,5.56 g,1.81 mg
25,taco sauce,100 g,0,0,0,0,0,0,0,0,0,0,0,0,0.00 g,0
803,refried beans,100 g,0,0,0.10 mg,0.0 mg,0.145 mg,0.105 mg,0.520 mg,0,0.10 mcg,0,57.00 mg,1.67 mg,7.30 g,0.98 mg
4060,cream of mushroom soup,100 g,8.00 IU,9.00 IU,0.58 mg,0.5 mg,0.010 mg,0.017 mg,0.363 mg,0.018 mg,0,0,8.00 mg,0.16 mg,1.29 g,0.11 mg
849,taco seasoning,100 g,9381.00 IU,0,0,45.0 mg,0,0,0,0,0,0,0,6.75 mg,0.00 g,0
693,velveeta cheese,100 g,220.00 IU,22.00 IU,0.26 mg,0.0 mg,0.020 mg,0.209 mg,0.032 mg,0.047 mg,1.38 mcg,0.00 mcg,680.00 mg,0.47 mg,21.44 g,2.94 mg
2358,tortilla chips,100 g,158.00 IU,0.00 IU,2.97 mg,0.0 mg,0.130 mg,0.043 mg,1.498 mg,0.202 mg,0.00 mcg,0.00 mcg,104.00 mg,1.32 mg,6.62 g,1.46 mg
687,mixed mushrooms,100 g,0.00 IU,10.00 IU,0.02 mg,0.0 mg,0.059 mg,0.130 mg,4.494 mg,0.148 mg,0.05 mcg,0.00 mcg,3.00 mg,0.31 mg,2.11 g,0.53 mg
48,sunflower oil,100 g,3069.00 IU,0.00 IU,2.80 mg,0.0 mg,0.001 mg,0.005 mg,0.003 mg,0.001 mg,0.01 mcg,0.00 mcg,4.00 mg,0.00 mg,0.28 g,0.01 mg
152,sweet onions,100 g,1218.00 IU,0.00 IU,0.58 mg,1.0 mg,0.000 mg,0.033 mg,0.233 mg,0.015 mg,0.00 mcg,0.00 mcg,3.00 mg,0.87 mg,0.37 g,0.14 mg
730,corn flakes,100 g,212.00 IU,0.00 IU,0.00 mg,0,2.020 mg,2.600 mg,4.800 mg,0.600 mg,0.00 mcg,0,0,13.30 mg,7.50 g,1.00 mg
58,smoked oysters,100 g,80.00 IU,34.00 IU,0.55 mg,0.0 mg,0.047 mg,0.049 mg,5.073 mg,0.400 mg,1.60 mcg,0.00 mcg,49.00 mg,1.40 mg,25.23 g,0.50 mg
701,triscuit crackers,100 g,3571.00 IU,0.00 IU,8.05 mg,50.5 mg,0.350 mg,0.330 mg,4.050 mg,0.120 mg,0.00 mcg,70.00 mcg,41.00 mg,4.20 mg,8.40 g,0.90 mg
10,fish sauce,100 g,313.00 IU,0,0,0,0,0,0,0,0,0,0,0,0.00 g,0
354,rice noodles,100 g,0.00 IU,0.00 IU,0.11 mg,0.0 mg,0.031 mg,0.017 mg,0.221 mg,0.015 mg,0.00 mcg,0.00 mcg,18.00 mg,0.70 mg,5.95 g,0.74 mg
277,baby carrots,100 g,13790.00 IU,0.00 IU,0,2.6 mg,0.030 mg,0.036 mg,0.556 mg,0.105 mg,0.00 mcg,0.00 mcg,32.00 mg,0.89 mg,0.64 g,0.17 mg
687,sliced mushrooms,100 g,0.00 IU,10.00 IU,0.02 mg,0.0 mg,0.059 mg,0.130 mg,4.494 mg,0.148 mg,0.05 mcg,0.00 mcg,3.00 mg,0.31 mg,2.11 g,0.53 mg
25,green onions,100 g,0,0,0,0,0,0,0,0,0,0,0,0,0.00 g,0
14,boneless skinless chicken breast,100 g,100.00 IU,8.00 IU,0.27 mg,0.0 mg,0.060 mg,0.200 mg,0.400 mg,0.010 mg,0.47 mcg,0.00 mcg,88.00 mg,0.91 mg,19.40 g,0.69 mg
300,dry-roasted unsalted peanuts,100 g,10.00 IU,0,0,1.0 mg,0.472 mg,0.324 mg,4.087 mg,0.174 mg,0.32 mcg,0.00 mcg,140.00 mg,9.30 mg,9.20 g,0.70 mg
483,lime,100 g,50.00 IU,0.00 IU,0.22 mg,30.0 mg,0.025 mg,0.015 mg,0.142 mg,0.038 mg,0.00 mcg,0.00 mcg,14.00 mg,0.09 mg,0.42 g,0.08 mg
2092,crushed red pepper flakes,100 g,870.00 IU,0.00 IU,0.05 mg,1.7 mg,0.044 mg,0.034 mg,0.137 mg,0.067 mg,0.00 mcg,0.00 mcg,13.00 mg,0.53 mg,0.92 g,0.10 mg
40,vidalia onion,100 g,0.00 IU,0,0,7.0 mg,0.200 mg,0.400 mg,3.700 mg,0.100 mg,0.70 mcg,17.00 mcg,280.00 mg,1.00 mg,9.00 g,0.88 mg
1609,kielbasa,100 g,32.00 IU,9.00 IU,0.39 mg,16.2 mg,0.146 mg,0.209 mg,3.694 mg,0.095 mg,0.72 mcg,0.00 mcg,40.00 mg,0.93 mg,12.36 g,1.55 mg
838,andouille sausage,100 g,144.00 IU,8.00 IU,0.09 mg,30.4 mg,0.071 mg,0.173 mg,3.675 mg,0.381 mg,0.43 mcg,0.00 mcg,21.00 mg,9.60 mg,15.05 g,2.13 mg
93,white rice,100 g,1.00 IU,0.00 IU,0.05 mg,0.0 mg,0.003 mg,0.006 mg,0.033 mg,0.005 mg,0.00 mcg,0.00 mcg,10.00 mg,0.62 mg,1.48 g,1.05 mg
68,fresh mussels,100 g,1442.00 IU,218.00 IU,2.58 mg,0.0 mg,0.176 mg,0.528 mg,0.024 mg,0.350 mg,1.95 mcg,0.00 mcg,129.00 mg,2.73 mg,15.86 g,2.30 mg
616,medium raw shrimp,100 g,4353.00 IU,0.00 IU,0.21 mg,58.1 mg,0.078 mg,0.115 mg,0.647 mg,0.138 mg,0.00 mcg,0.00 mcg,92.00 mg,1.60 mg,3.27 g,0.56 mg
696,frozen sweet peas,100 g,518.00 IU,0.00 IU,0,0.7 mg,0.494 mg,0.317 mg,1.189 mg,0.286 mg,0.00 mcg,0.00 mcg,364.00 mg,9.73 mg,52.47 g,4.90 mg
93,white sugar,100 g,1.00 IU,0.00 IU,0.05 mg,0.0 mg,0.003 mg,0.006 mg,0.033 mg,0.005 mg,0.00 mcg,0.00 mcg,10.00 mg,0.62 mg,1.48 g,1.05 mg
654,duck,100 g,0.00 IU,191.00 IU,2.70 mg,0.0 mg,0.000 mg,0.000 mg,0.000 mg,0.000 mg,0.00 mcg,0.00 mcg,0.00 mg,0.00 mg,0.00 g,0.00 mg
10,plum sauce,100 g,313.00 IU,0,0,0,0,0,0,0,0,0,0,0,0.00 g,0
18,red bean paste,100 g,0.00 IU,0.00 IU,0,0.0 mg,0.379 mg,0.149 mg,1.640 mg,0.075 mg,0.00 mcg,0.00 mcg,30.00 mg,2.00 mg,11.60 g,1.39 mg
7553,boiling water,100 g,433.00 IU,0.00 IU,0.07 mg,0.0 mg,0.260 mg,0.215 mg,3.025 mg,0.290 mg,0.00 mcg,39.00 mcg,80.00 mg,5.96 mg,2.37 g,0.62 mg
14,chicken wings,100 g,100.00 IU,8.00 IU,0.27 mg,0.0 mg,0.060 mg,0.200 mg,0.400 mg,0.010 mg,0.47 mcg,0.00 mcg,88.00 mg,0.91 mg,19.40 g,0.69 mg
2057,lemongrass,100 g,0,0,0,0.0 mg,0,0,0,0,0,0,23.00 mg,0.00 mg,1.30 g,0
1720,kaffir lime leaves,100 g,6748.00 IU,0.00 IU,2.50 mg,27.0 mg,0.067 mg,0.162 mg,1.114 mg,0.149 mg,0.00 mcg,0.00 mcg,67.00 mg,1.77 mg,2.13 g,0.50 mg
572,fresh galangal root,100 g,4751.00 IU,0.00 IU,0,160.1 mg,0.048 mg,0.471 mg,1.824 mg,0.348 mg,0.00 mcg,0.00 mcg,405.00 mg,17.45 mg,5.56 g,1.81 mg
799,lime%2c juice of,100 g,17.00 IU,0.00 IU,0.07 mg,40.7 mg,0.040 mg,0.025 mg,0.173 mg,0.061 mg,0.00 mcg,0.00 mcg,8.00 mg,0.18 mg,0.41 g,0.06 mg
2968,nam pla,100 g,0.00 IU,0,0,0,0.112 mg,0.090 mg,3.060 mg,0.182 mg,3.10 mcg,0,43.00 mg,0.71 mg,22.94 g,0.94 mg
508,fresh cilantro leaves,100 g,8424.00 IU,0.00 IU,0.75 mg,133.0 mg,0.086 mg,0.098 mg,1.313 mg,0.090 mg,0.00 mcg,0.00 mcg,138.00 mg,6.20 mg,2.97 g,1.07 mg
849,sate seasoning,100 g,9381.00 IU,0,0,45.0 mg,0,0,0,0,0,0,0,6.75 mg,0.00 g,0
456,rosemary,100 g,2924.00 IU,0.00 IU,0,21.8 mg,0.036 mg,0.152 mg,0.912 mg,0.336 mg,0.00 mcg,0.00 mcg,317.00 mg,6.65 mg,3.31 g,0.93 mg
59,french fries,100 g,0,0,0.98 mg,1.6 mg,0.120 mg,0.048 mg,2.717 mg,0.220 mg,0,0,14.00 mg,0.72 mg,3.41 g,0.46 mg
40,gravy,100 g,0.00 IU,0,0,7.0 mg,0.200 mg,0.400 mg,3.700 mg,0.100 mg,0.70 mcg,17.00 mcg,280.00 mg,1.00 mg,9.00 g,0.88 mg
2236,standing rib roast,100 g,8.00 IU,1.00 IU,0.43 mg,0.0 mg,0.217 mg,0.287 mg,4.343 mg,0.215 mg,0.96 mcg,12.00 mcg,55.00 mg,2.64 mg,15.17 g,2.27 mg
30,dry mustard,100 g,0.00 IU,0.00 IU,0.11 mg,0.0 mg,0.090 mg,0.060 mg,1.700 mg,0.142 mg,0.00 mcg,0.00 mcg,21.00 mg,1.30 mg,13.04 g,1.41 mg
456,fresh rosemary leaves,100 g,2924.00 IU,0.00 IU,0,21.8 mg,0.036 mg,0.152 mg,0.912 mg,0.336 mg,0.00 mcg,0.00 mcg,317.00 mg,6.65 mg,3.31 g,0.93 mg
7,fresh coarse ground black pepper,100 g,0.00 IU,2.00 IU,0.20 mg,0.0 mg,0.110 mg,0.210 mg,5.960 mg,0.130 mg,2.31 mcg,0.00 mcg,16.00 mg,1.55 mg,16.56 g,3.41 mg
90,pork,100 g,0.00 IU,0,0,0.0 mg,0.930 mg,0.330 mg,5.600 mg,0.550 mg,2.80 mcg,0.00 mcg,10.00 mg,1.52 mg,21.70 g,4.20 mg
282,reduced-sodium chicken broth,100 g,527.00 IU,0.00 IU,1.46 mg,4.1 mg,0.011 mg,0.166 mg,1.434 mg,0.158 mg,0.00 mcg,0.00 mcg,15.00 mg,0.35 mg,1.04 g,0.17 mg
149,chili powder,100 g,29650.00 IU,0.00 IU,38.14 mg,0.7 mg,0.250 mg,0.940 mg,11.600 mg,2.094 mg,0.00 mcg,0.00 mcg,330.00 mg,17.30 mg,13.46 g,4.30 mg
22,ground cumin,100 g,5130.00 IU,0.00 IU,0,50.0 mg,0.366 mg,0,4.080 mg,1.810 mg,0.00 mcg,0,2132.00 mg,37.88 mg,6.73 g,4.30 mg
695,ground black pepper,100 g,0.00 IU,2.00 IU,0.14 mg,0.0 mg,0.100 mg,0.250 mg,6.700 mg,0.140 mg,2.61 mcg,0.00 mcg,22.00 mg,1.79 mg,24.75 g,4.67 mg
793,medium shrimp,100 g,6.00 IU,0,2.61 mg,0,0.180 mg,0.250 mg,2.467 mg,0.085 mg,0.40 mcg,0,47.00 mg,1.54 mg,13.88 g,0.85 mg
145,shrimp flavor ramen noodle soup,100 g,15000.00 IU,0,0,2.0 mg,0.030 mg,0.600 mg,3.300 mg,0.060 mg,3.20 mcg,0.00 mcg,70.00 mg,3.94 mg,11.20 g,2.85 mg
76,salsa,100 g,550.00 IU,0,0,4.0 mg,0.050 mg,0.030 mg,1.080 mg,0.149 mg,0.00 mcg,0.00 mcg,12.00 mg,2.24 mg,1.50 g,0.17 mg
6382,black beans,100 g,0,0,0.47 mg,0,0.122 mg,0.021 mg,1.017 mg,0.062 mg,0,0,37.00 mg,1.57 mg,4.64 g,0.74 mg
53,frozen corn,100 g,44.00 IU,0,0,19.7 mg,0.374 mg,0.200 mg,1.074 mg,0.316 mg,0.00 mcg,0,6.00 mg,0.43 mg,1.47 g,0.28 mg
68,fresh cilantro,100 g,1442.00 IU,218.00 IU,2.58 mg,0.0 mg,0.176 mg,0.528 mg,0.024 mg,0.350 mg,1.95 mcg,0.00 mcg,129.00 mg,2.73 mg,15.86 g,2.30 mg
448,fat-free ricotta cheese,100 g,1242.00 IU,24.00 IU,0.71 mg,0.0 mg,0.029 mg,0.428 mg,0.059 mg,0.066 mg,1.10 mcg,0.00 mcg,710.00 mg,0.14 mg,22.87 g,3.64 mg
1520,part-skim mozzarella cheese,100 g,481.00 IU,12.00 IU,0.14 mg,0.0 mg,0.018 mg,0.303 mg,0.105 mg,0.070 mg,0.82 mcg,0.00 mcg,782.00 mg,0.22 mg,24.26 g,2.76 mg
510,lowfat parmesan cheese,100 g,415.00 IU,20.00 IU,0.23 mg,0.0 mg,0.037 mg,0.370 mg,0.077 mg,0.085 mg,1.12 mcg,0.00 mcg,1064.00 mg,0.77 mg,31.80 g,2.58 mg
2748,shortening,100 g,0.00 IU,0,19.00 mg,0.0 mg,0.000 mg,0.000 mg,0.000 mg,0.000 mg,0.00 mcg,0.00 mcg,0.00 mg,0.00 mg,0.00 g,0.00 mg
9,vegetarian chicken soup mix,100 g,0.00 IU,0.00 IU,3.45 mg,0.0 mg,1.100 mg,0.900 mg,12.000 mg,1.500 mg,4.20 mcg,0.00 mcg,95.00 mg,2.00 mg,23.00 g,1.40 mg
159,risotto rice,100 g,0.00 IU,0.00 IU,0.03 mg,0.0 mg,0.018 mg,0.004 mg,0.072 mg,0.006 mg,0.00 mcg,0.00 mcg,4.00 mg,0.14 mg,1.79 g,0.25 mg
311,cumin seed,100 g,1270.00 IU,0.00 IU,3.33 mg,7.7 mg,0.628 mg,0.327 mg,4.579 mg,0.435 mg,0.00 mcg,0.00 mcg,931.00 mg,66.36 mg,17.81 g,4.80 mg
1970,garam masala,100 g,0,0,0,0.0 mg,0,0,0,0,0,0,22.00 mg,1.00 mg,3.30 g,0
745,coriander powder,100 g,5850.00 IU,0.00 IU,1.03 mg,566.7 mg,1.252 mg,1.500 mg,10.707 mg,0.610 mg,0.00 mcg,0.00 mcg,1246.00 mg,42.46 mg,21.93 g,4.72 mg
709,red chili powder,100 g,126.00 IU,0.00 IU,0,34.2 mg,0.010 mg,0.030 mg,0.627 mg,0.120 mg,0.00 mcg,0.00 mcg,36.00 mg,1.33 mg,0.72 g,0.09 mg
745,coriander leaves,100 g,5850.00 IU,0.00 IU,1.03 mg,566.7 mg,1.252 mg,1.500 mg,10.707 mg,0.610 mg,0.00 mcg,0.00 mcg,1246.00 mg,42.46 mg,21.93 g,4.72 mg
1579,tuna steaks,100 g,60.00 IU,69.00 IU,0.24 mg,0.0 mg,0.118 mg,0.115 mg,18.475 mg,0.933 mg,2.08 mcg,0.00 mcg,4.00 mg,0.77 mg,24.40 g,0.37 mg
1368,low sodium soy sauce,100 g,0.00 IU,0.00 IU,0.00 mg,0.0 mg,0.059 mg,0.152 mg,3.951 mg,0.200 mg,0.00 mcg,0.00 mcg,20.00 mg,2.38 mg,10.51 g,0.43 mg
153,chives,100 g,68300.00 IU,0.00 IU,0,660.0 mg,0.900 mg,1.500 mg,5.900 mg,1.996 mg,0.00 mcg,0.00 mcg,813.00 mg,20.00 mg,21.20 g,5.12 mg
671,wasabi,100 g,1.00 IU,0.00 IU,3.44 mg,0.0 mg,0.050 mg,0.070 mg,0.160 mg,0.050 mg,0.00 mcg,0.00 mcg,41.00 mg,0.50 mg,2.23 g,0.61 mg
479,watercress,100 g,3191.00 IU,0.00 IU,1.00 mg,43.0 mg,0.090 mg,0.120 mg,0.200 mg,0.129 mg,0.00 mcg,0.00 mcg,120.00 mg,0.20 mg,2.30 g,0.11 mg
814,pickled ginger,100 g,870.00 IU,0.00 IU,0.90 mg,12.3 mg,0.037 mg,0.023 mg,0.343 mg,0.105 mg,0.00 mcg,0.00 mcg,61.00 mg,0.32 mg,0.80 g,0.09 mg
2453,scallops,100 g,3.00 IU,1.00 IU,0.00 mg,0.0 mg,0.007 mg,0.015 mg,0.703 mg,0.073 mg,1.41 mcg,0.00 mcg,6.00 mg,0.38 mg,12.06 g,0.91 mg
577,toasted sesame oil,100 g,0.00 IU,0,0.00 mg,0.0 mg,0.000 mg,0.000 mg,0.000 mg,0.000 mg,0.00 mcg,0.00 mcg,0.00 mg,0.00 mg,0.00 g,0.00 mg
10,oyster sauce,100 g,313.00 IU,0,0,0,0,0,0,0,0,0,0,0,0.00 g,0
729,sugar snap pea,100 g,3.00 IU,0.00 IU,12.36 mg,0.0 mg,0.050 mg,0.270 mg,1.000 mg,0.060 mg,0.00 mcg,0.00 mcg,100.00 mg,1.90 mg,10.00 g,1.56 mg
1373,sliced water chestnuts,100 g,24.00 IU,0.00 IU,0.50 mg,26.0 mg,0.243 mg,0.175 mg,1.342 mg,0.497 mg,0.00 mcg,0.00 mcg,29.00 mg,0.91 mg,3.17 g,0.57 mg
1587,sesame seeds,100 g,9.00 IU,0.00 IU,0.25 mg,0.0 mg,0.791 mg,0.247 mg,4.515 mg,0.790 mg,0.00 mcg,0.00 mcg,975.00 mg,14.55 mg,17.73 g,7.75 mg
177,wakame seaweed,100 g,360.00 IU,0.00 IU,1.00 mg,3.0 mg,0.060 mg,0.230 mg,1.600 mg,0.002 mg,0.00 mcg,0.00 mcg,150.00 mg,2.18 mg,3.03 g,0.38 mg
730,red pepper flakes,100 g,212.00 IU,0.00 IU,0.00 mg,0,2.020 mg,2.600 mg,4.800 mg,0.600 mg,0.00 mcg,0,0,13.30 mg,7.50 g,1.00 mg
1093,grits,100 g,141.00 IU,3.00 IU,0.09 mg,0.0 mg,0.040 mg,0.180 mg,0.140 mg,0.040 mg,0.07 mcg,0.00 mcg,100.00 mg,0.46 mg,3.00 g,0.28 mg
709,green bell pepper,100 g,126.00 IU,0.00 IU,0,34.2 mg,0.010 mg,0.030 mg,0.627 mg,0.120 mg,0.00 mcg,0.00 mcg,36.00 mg,1.33 mg,0.72 g,0.09 mg
307,unbleached all-purpose flour,100 g,40.00 IU,0.00 IU,0.55 mg,0.0 mg,1.088 mg,0.280 mg,2.950 mg,1.050 mg,0.00 mcg,0.00 mcg,285.00 mg,8.20 mg,49.81 g,4.10 mg
1814,meatloaf mixture,100 g,410.00 IU,72.00 IU,0.84 mg,0.0 mg,0.010 mg,0.300 mg,0.090 mg,0.010 mg,0.17 mcg,0.00 mcg,17.00 mg,0.23 mg,13.10 g,0.14 mg
151,basil,100 g,744.00 IU,0.00 IU,10.70 mg,0.8 mg,0.080 mg,1.200 mg,4.900 mg,1.340 mg,0.00 mcg,0.00 mcg,2240.00 mg,89.80 mg,22.98 g,7.10 mg
653,light olive oil,100 g,0.00 IU,0,15.94 mg,0.0 mg,0.000 mg,0.000 mg,0.000 mg,0.000 mg,0.00 mcg,0.00 mcg,0.00 mg,0.01 mg,0.00 g,0.00 mg
99,prosciutto ham,100 g,304.00 IU,0,0,0.0 mg,0.318 mg,0.220 mg,2.153 mg,0.130 mg,0.73 mcg,0.00 mcg,217.00 mg,0.76 mg,16.18 g,2.25 mg
33,broccoli,100 g,1720.00 IU,0.00 IU,0.50 mg,29.6 mg,0.100 mg,0.153 mg,0.459 mg,0.074 mg,0.00 mcg,0.00 mcg,105.00 mg,0.59 mg,1.20 g,0.41 mg
95,red pepper,100 g,24.00 IU,0,0.12 mg,5.2 mg,0.012 mg,0.028 mg,0.162 mg,0.039 mg,0,0,11.00 mg,0.19 mg,0.33 g,0.13 mg
159,rice paper,100 g,0.00 IU,0.00 IU,0.03 mg,0.0 mg,0.018 mg,0.004 mg,0.072 mg,0.006 mg,0.00 mcg,0.00 mcg,4.00 mg,0.14 mg,1.79 g,0.25 mg
698,unsalted beef stock,100 g,0.00 IU,41.00 IU,0.22 mg,0.0 mg,0.367 mg,0.357 mg,6.053 mg,0.459 mg,1.52 mcg,0.00 mcg,15.00 mg,1.56 mg,21.85 g,2.93 mg
418,bay leaf,100 g,6185.00 IU,0.00 IU,0,46.5 mg,0.009 mg,0.421 mg,2.005 mg,1.740 mg,0.00 mcg,0.00 mcg,834.00 mg,43.00 mg,7.61 g,3.70 mg
142,thyme,100 g,3800.00 IU,0.00 IU,7.48 mg,50.0 mg,0.513 mg,0.399 mg,4.940 mg,0.550 mg,0.00 mcg,0.00 mcg,1890.00 mg,123.60 mg,9.11 g,6.18 mg
1441,whole black peppercorn,100 g,2.00 IU,0.00 IU,0.25 mg,0.0 mg,0.263 mg,0.179 mg,2.105 mg,0.056 mg,0.00 mcg,49.00 mcg,140.00 mg,2.53 mg,7.02 g,0.97 mg
709,green peppercorn,100 g,126.00 IU,0.00 IU,0,34.2 mg,0.010 mg,0.030 mg,0.627 mg,0.120 mg,0.00 mcg,0.00 mcg,36.00 mg,1.33 mg,0.72 g,0.09 mg
2080,new york strip steaks,100 g,25.00 IU,11.00 IU,0.20 mg,0.0 mg,0.058 mg,0.072 mg,3.955 mg,0.367 mg,1.65 mcg,0,4.00 mg,2.27 mg,22.16 g,2.93 mg
835,angel food cake,100 g,13.00 IU,0,0,0.0 mg,0.172 mg,0.211 mg,1.569 mg,0.026 mg,0.11 mcg,71.00 mcg,155.00 mg,1.31 mg,4.70 g,0.33 mg
5137,cool whip,100 g,69.00 IU,0,0,0.0 mg,0,0,0,0,0,0,6.00 mg,0.12 mg,0.20 g,0
175,strawberry,100 g,18.00 IU,0.00 IU,0.10 mg,13.7 mg,0.011 mg,0.024 mg,0.161 mg,0.012 mg,0.00 mcg,0.00 mcg,6.00 mg,0.28 mg,0.20 g,0.06 mg
68,fresh tuna,100 g,1442.00 IU,218.00 IU,2.58 mg,0.0 mg,0.176 mg,0.528 mg,0.024 mg,0.350 mg,1.95 mcg,0.00 mcg,129.00 mg,2.73 mg,15.86 g,2.30 mg
689,cooked sushi rice,100 g,538.00 IU,82.00 IU,1.04 mg,0.0 mg,0.032 mg,0.387 mg,0.063 mg,0.144 mg,0.71 mcg,0.00 mcg,56.00 mg,1.75 mg,12.51 g,1.29 mg
2324,kidney beans,100 g,0.00 IU,0.00 IU,0.00 mg,0.0 mg,0.100 mg,0.090 mg,0.390 mg,0.030 mg,0.02 mcg,0.00 mcg,13.00 mg,1.96 mg,1.80 g,0.49 mg
607,avocado,100 g,0.00 IU,0,0,0.0 mg,0.000 mg,0.000 mg,0.000 mg,0.000 mg,0.00 mcg,0.00 mcg,0.00 mg,0.00 mg,0.00 g,0.00 mg
192,corn tortilla,100 g,0.00 IU,0.00 IU,14.84 mg,0.0 mg,0.000 mg,0.000 mg,0.000 mg,0.000 mg,0.00 mcg,0.00 mcg,0.00 mg,0.00 mg,0.00 g,0.00 mg
1265,octopus,100 g,0.00 IU,0,0,0.0 mg,0.030 mg,0.040 mg,2.000 mg,0,0,0,35.00 mg,4.90 mg,12.30 g,1.43 mg
44,fish scraps,100 g,100.00 IU,0,0,0.0 mg,0.010 mg,0.040 mg,1.500 mg,0.300 mg,2.00 mcg,0.00 mcg,21.00 mg,0.46 mg,20.21 g,0.39 mg
25,takoyaki sauce,100 g,0,0,0,0,0,0,0,0,0,0,0,0,0.00 g,0
194,bonito flakes,100 g,1962.00 IU,0.00 IU,5.55 mg,86.5 mg,0.440 mg,0.500 mg,4.640 mg,0.460 mg,0.00 mcg,0.00 mcg,587.00 mg,7.83 mg,11.30 g,2.77 mg
2692,espresso coffee,100 g,0.00 IU,0,0.00 mg,0.0 mg,0.000 mg,0.003 mg,0.218 mg,0.000 mg,0.00 mcg,0.00 mcg,4.00 mg,0.05 mg,0.09 g,0.01 mg
3550,tia maria,100 g,617.00 IU,0.00 IU,2.40 mg,2.0 mg,0.024 mg,0.061 mg,3.917 mg,0.173 mg,0.00 mcg,0.00 mcg,26.00 mg,0.73 mg,1.39 g,0.20 mg
176,caster sugar,100 g,0,0,0,0,0.420 mg,0.280 mg,3.700 mg,0,0,0,0,3.20 mg,7.30 g,0
693,mascarpone cheese,100 g,220.00 IU,22.00 IU,0.26 mg,0.0 mg,0.020 mg,0.209 mg,0.032 mg,0.047 mg,1.38 mcg,0.00 mcg,680.00 mg,0.47 mg,21.44 g,2.94 mg
24,cream,100 g,552.00 IU,11.00 IU,0.27 mg,0.0 mg,0.040 mg,0.185 mg,0.125 mg,0.045 mg,0.92 mcg,0.00 mcg,148.00 mg,0.17 mg,7.85 g,0.57 mg
3610,ladyfingers,100 g,50.00 IU,22.00 IU,0.63 mg,3.7 mg,0.284 mg,0.428 mg,2.104 mg,0.122 mg,0.75 mcg,23.00 mcg,47.00 mg,3.58 mg,10.60 g,1.14 mg
66,cocoa powder,100 g,0.00 IU,0.00 IU,0.67 mg,1.2 mg,0.435 mg,0.141 mg,0.796 mg,1.654 mg,0.00 mcg,0.00 mcg,79.00 mg,5.65 mg,16.55 g,2.99 mg
2791,wonton wrappers,100 g,14.00 IU,0,0,0.0 mg,0.519 mg,0.378 mg,5.424 mg,0.030 mg,0.02 mcg,69.00 mcg,47.00 mg,3.36 mg,9.80 g,0.71 mg
423,tuna,100 g,97.00 IU,0,0,2.2 mg,0.031 mg,0.070 mg,6.700 mg,0.081 mg,1.20 mcg,0.00 mcg,17.00 mg,1.00 mg,16.04 g,0.56 mg
54,orange zest,100 g,1496.00 IU,0.00 IU,0,16.0 mg,0.046 mg,0.034 mg,0.593 mg,0.060 mg,0.00 mcg,0.00 mcg,5.00 mg,0.47 mg,1.16 g,0.14 mg
572,fresh cilantro stem,100 g,4751.00 IU,0.00 IU,0,160.1 mg,0.048 mg,0.471 mg,1.824 mg,0.348 mg,0.00 mcg,0.00 mcg,405.00 mg,17.45 mg,5.56 g,1.81 mg
908,vanilla sugar,100 g,0,0,0,0,0.300 mg,0.200 mg,2.200 mg,0,0,0,0,1.80 mg,3.90 g,0
